Customer_ID,Age,Gender,City
STC0001,25,Female,Delhi
STC0002,19,Female,Delhi
STC0003,35,Male,Pune
STC0004,33,Male,Mumbai
STC0005,32,Male,Pune
STC0006,26,Female,Hyderabad
STC0007,24,Male,Bangalore
STC0008,52,Male,Chennai
STC0009,23,Male,Chennai
STC0010,55,Female,Hyderabad
STC0011,45,Female,Bangalore
STC0012,20,Male,Mumbai
STC0013,19,Female,Chennai
STC0014,23,Male,Delhi
STC0015,31,Male,Delhi
STC0016,32,Female,Pune
STC0017,50,Male,Bangalore
STC0018,19,Female,Pune
STC0019,53,Male,Mumbai
STC0020,30,Female,Delhi
STC0021,52,Female,Pune
STC0022,44,Male,Bangalore
STC0023,32,Female,Mumbai
STC0024,46,Male,Mumbai
STC0025,55,Male,Bangalore
STC0026,35,Female,Pune
STC0027,18,Female,Hyderabad
STC0028,28,Male,Pune
STC0029,45,Female,Chennai
STC0030,39,Male,Bangalore
STC0031,35,Male,Delhi
STC0032,27,Male,Pune
STC0033,31,Male,Hyderabad
STC0034,39,Female,Pune
STC0035,24,Male,Delhi
STC0036,23,Male,Mumbai
STC0037,42,Male,Pune
STC0038,24,Female,Mumbai
STC0039,40,Male,Chennai
STC0040,40,Male,Delhi
STC0041,34,Female,Hyderabad
STC0042,20,Male,Pune
STC0043,47,Female,Mumbai
STC0044,52,Male,Hyderabad
STC0045,25,Female,Mumbai
STC0046,42,Male,Mumbai
STC0047,23,Male,Mumbai
STC0048,53,Female,Pune
STC0049,36,Male,Mumbai
STC0050,41,Male,Chennai
STC0051,54,Male,Chennai
STC0052,30,Female,Delhi
STC0053,22,Female,Bangalore
STC0054,20,Female,Hyderabad
STC0055,32,Male,Chennai
STC0056,36,Female,Hyderabad
STC0057,23,Male,Chennai
STC0058,32,Male,Pune
STC0059,24,Male,Pune
STC0060,42,Male,Pune
STC0061,35,Male,Chennai
STC0062,47,Female,Bangalore
STC0063,41,Female,Delhi
STC0064,28,Male,Hyderabad
STC0065,41,Male,Hyderabad
STC0066,40,Female,Pune
STC0067,31,Female,Pune
STC0068,35,Male,Delhi
STC0069,22,Male,Chennai
STC0070,28,Male,Mumbai
STC0071,52,Male,Delhi
STC0072,33,Male,Pune
STC0073,28,Female,Chennai
STC0074,47,Female,Hyderabad
STC0075,42,Female,Delhi
STC0076,35,Female,Mumbai
STC0077,53,Male,Chennai
STC0078,32,Male,Bangalore
STC0079,38,Female,Bangalore
STC0080,21,Male,Hyderabad
STC0081,32,Male,Mumbai
STC0082,20,Female,Delhi
STC0083,38,Male,Pune
STC0084,43,Female,Pune
STC0085,35,Male,Mumbai
STC0086,22,Male,Delhi
STC0087,31,Female,Mumbai
STC0088,54,Female,Delhi
STC0089,38,Male,Bangalore
STC0090,31,Male,Delhi
STC0091,49,Female,Delhi
STC0092,43,Female,Pune
STC0093,47,Male,Hyderabad
STC0094,27,Male,Chennai
STC0095,34,Female,Chennai
STC0096,26,Male,Pune
STC0097,33,Male,Bangalore
STC0098,53,Female,Mumbai
STC0099,52,Female,Pune
STC0100,34,Male,Mumbai
STC0101,55,Female,Pune
STC0102,45,Female,Chennai
STC0103,55,Female,Hyderabad
STC0104,43,Male,Hyderabad
STC0105,41,Female,Pune
STC0106,32,Male,Pune
STC0107,26,Male,Chennai
STC0108,50,Male,Mumbai
STC0109,49,Male,Mumbai
STC0110,23,Female,Chennai
STC0111,21,Male,Bangalore
STC0112,25,Male,Bangalore
STC0113,27,Male,Pune
STC0114,28,Female,Hyderabad
STC0115,45,Female,Bangalore
STC0116,22,Female,Bangalore
STC0117,42,Female,Delhi
STC0118,42,Female,Hyderabad
STC0119,47,Male,Mumbai
STC0120,51,Male,Mumbai
STC0121,34,Female,Chennai
STC0122,53,Male,Mumbai
STC0123,18,Female,Delhi
STC0124,25,Male,Pune
STC0125,52,Male,Pune
STC0126,35,Male,Mumbai
STC0127,39,Female,Hyderabad
STC0128,25,Female,Delhi
STC0129,36,Male,Mumbai
STC0130,45,Female,Mumbai
STC0131,28,Female,Pune
STC0132,47,Male,Chennai
STC0133,18,Male,Hyderabad
STC0134,34,Male,Delhi
STC0135,50,Male,Delhi
STC0136,29,Female,Bangalore
STC0137,50,Male,Hyderabad
STC0138,24,Female,Pune
STC0139,37,Male,Chennai
STC0140,50,Female,Chennai
STC0141,30,Male,Bangalore
STC0142,27,Male,Pune
STC0143,41,Male,Mumbai
STC0144,28,Male,Bangalore
STC0145,52,Male,Pune
STC0146,51,Male,Mumbai
STC0147,18,Female,Pune
STC0148,38,Female,Chennai
STC0149,49,Female,Hyderabad
STC0150,19,Male,Pune
STC0151,25,Female,Hyderabad
STC0152,41,Male,Pune
STC0153,37,Female,Mumbai
STC0154,33,Male,Hyderabad
STC0155,21,Male,Delhi
STC0156,33,Female,Hyderabad
STC0157,54,Female,Mumbai
STC0158,23,Female,Hyderabad
STC0159,23,Male,Pune
STC0160,49,Female,Pune
STC0161,22,Male,Delhi
STC0162,52,Female,Hyderabad
STC0163,26,Female,Pune
STC0164,26,Female,Hyderabad
STC0165,48,Male,Bangalore
STC0166,53,Female,Pune
STC0167,28,Male,Hyderabad
STC0168,34,Female,Chennai
STC0169,51,Male,Pune
STC0170,45,Female,Chennai
STC0171,31,Male,Bangalore
STC0172,52,Male,Bangalore
STC0173,30,Male,Pune
STC0174,37,Male,Bangalore
STC0175,43,Male,Pune
STC0176,41,Male,Mumbai
STC0177,46,Male,Chennai
STC0178,51,Male,Delhi
STC0179,46,Female,Mumbai
STC0180,25,Female,Bangalore
STC0181,33,Female,Pune
STC0182,32,Male,Mumbai
STC0183,22,Male,Hyderabad
STC0184,39,Male,Hyderabad
STC0185,19,Female,Hyderabad
STC0186,55,Male,Pune
STC0187,53,Female,Bangalore
STC0188,32,Male,Pune
STC0189,55,Female,Bangalore
STC0190,32,Female,Delhi
STC0191,18,Female,Pune
STC0192,22,Male,Chennai
STC0193,21,Female,Delhi
STC0194,32,Male,Pune
STC0195,22,Male,Delhi
STC0196,20,Male,Delhi
STC0197,39,Male,Pune
STC0198,22,Male,Mumbai
STC0199,50,Female,Hyderabad
STC0200,33,Male,Delhi
STC0201,35,Female,Hyderabad
STC0202,49,Female,Pune
STC0203,31,Female,Delhi
STC0204,52,Female,Hyderabad
STC0205,26,Male,Hyderabad
STC0206,54,Female,Bangalore
STC0207,54,Male,Mumbai
STC0208,48,Female,Chennai
STC0209,33,Male,Hyderabad
STC0210,48,Female,Chennai
STC0211,44,Female,Pune
STC0212,30,Male,Pune
STC0213,24,Female,Bangalore
STC0214,24,Female,Hyderabad
STC0215,45,Female,Delhi
STC0216,40,Male,Pune
STC0217,45,Male,Delhi
STC0218,44,Male,Pune
STC0219,47,Male,Delhi
STC0220,21,Female,Mumbai
STC0221,24,Male,Hyderabad
STC0222,21,Male,Mumbai
STC0223,43,Female,Mumbai
STC0224,39,Male,Hyderabad
STC0225,24,Female,Chennai
STC0226,33,Male,Delhi
STC0227,30,Female,Mumbai
STC0228,30,Female,Hyderabad
STC0229,52,Male,Delhi
STC0230,46,Male,Hyderabad
STC0231,26,Male,Hyderabad
STC0232,45,Female,Chennai
STC0233,29,Female,Mumbai
STC0234,35,Male,Hyderabad
STC0235,47,Male,Hyderabad
STC0236,33,Female,Pune
STC0237,22,Male,Mumbai
STC0238,46,Male,Delhi
STC0239,53,Male,Mumbai
STC0240,24,Female,Chennai
STC0241,21,Female,Chennai
STC0242,52,Female,Hyderabad
STC0243,18,Male,Pune
STC0244,23,Male,Pune
STC0245,33,Male,Bangalore
STC0246,28,Female,Bangalore
STC0247,44,Male,Pune
STC0248,49,Male,Chennai
STC0249,48,Female,Mumbai
STC0250,31,Male,Mumbai
STC0251,43,Male,Hyderabad
STC0252,21,Female,Chennai
STC0253,28,Female,Bangalore
STC0254,42,Female,Pune
STC0255,18,Female,Chennai
STC0256,42,Female,Hyderabad
STC0257,34,Female,Delhi
STC0258,47,Female,Chennai
STC0259,36,Female,Delhi
STC0260,45,Male,Mumbai
STC0261,53,Male,Hyderabad
STC0262,49,Male,Hyderabad
STC0263,27,Male,Pune
STC0264,30,Male,Chennai
STC0265,36,Male,Hyderabad
STC0266,31,Male,Pune
STC0267,21,Male,Bangalore
STC0268,55,Female,Chennai
STC0269,52,Female,Hyderabad
STC0270,21,Female,Chennai
STC0271,38,Female,Chennai
STC0272,21,Male,Mumbai
STC0273,21,Female,Chennai
STC0274,55,Male,Mumbai
STC0275,48,Female,Hyderabad
STC0276,50,Female,Chennai
STC0277,51,Female,Bangalore
STC0278,28,Female,Delhi
STC0279,21,Male,Mumbai
STC0280,50,Male,Bangalore
STC0281,23,Male,Hyderabad
STC0282,29,Female,Bangalore
STC0283,22,Male,Chennai
STC0284,22,Male,Delhi
STC0285,33,Female,Delhi
STC0286,43,Male,Delhi
STC0287,25,Male,Pune
STC0288,54,Male,Chennai
STC0289,33,Female,Mumbai
STC0290,55,Female,Delhi
STC0291,20,Male,Bangalore
STC0292,23,Female,Chennai
STC0293,44,Female,Mumbai
STC0294,55,Male,Delhi
STC0295,54,Male,Chennai
STC0296,51,Female,Bangalore
STC0297,38,Female,Mumbai
STC0298,34,Male,Mumbai
STC0299,31,Male,Hyderabad
STC0300,38,Female,Bangalore
STC0301,33,Male,Hyderabad
STC0302,34,Male,Delhi
STC0303,43,Male,Mumbai
STC0304,26,Male,Bangalore
STC0305,37,Male,Bangalore
STC0306,47,Male,Pune
STC0307,38,Male,Chennai
STC0308,22,Male,Delhi
STC0309,18,Female,Chennai
STC0310,47,Female,Mumbai
STC0311,54,Male,Delhi
STC0312,24,Female,Chennai
STC0313,22,Male,Pune
STC0314,52,Male,Pune
STC0315,31,Male,Bangalore
STC0316,50,Male,Pune
STC0317,34,Female,Delhi
STC0318,26,Male,Mumbai
STC0319,40,Male,Chennai
STC0320,22,Female,Hyderabad
STC0321,33,Male,Chennai
STC0322,41,Male,Delhi
STC0323,36,Female,Chennai
STC0324,28,Male,Pune
STC0325,46,Male,Chennai
STC0326,52,Female,Pune
STC0327,37,Female,Bangalore
STC0328,51,Female,Bangalore
STC0329,18,Male,Bangalore
STC0330,53,Female,Delhi
STC0331,37,Female,Chennai
STC0332,24,Male,Hyderabad
STC0333,26,Female,Bangalore
STC0334,34,Male,Mumbai
STC0335,25,Male,Mumbai
STC0336,24,Female,Bangalore
STC0337,53,Female,Bangalore
STC0338,27,Female,Hyderabad
STC0339,35,Male,Hyderabad
STC0340,36,Male,Delhi
STC0341,31,Male,Delhi
STC0342,39,Female,Mumbai
STC0343,31,Female,Hyderabad
STC0344,34,Female,Chennai
STC0345,50,Female,Delhi
STC0346,49,Male,Chennai
STC0347,34,Male,Delhi
STC0348,21,Female,Bangalore
STC0349,23,Female,Hyderabad
STC0350,45,Male,Delhi
STC0351,35,Female,Bangalore
STC0352,20,Male,Chennai
STC0353,18,Male,Chennai
STC0354,39,Male,Mumbai
STC0355,26,Female,Pune
STC0356,34,Female,Hyderabad
STC0357,28,Female,Mumbai
STC0358,46,Female,Mumbai
STC0359,53,Female,Hyderabad
STC0360,45,Female,Pune
STC0361,53,Female,Bangalore
STC0362,18,Female,Mumbai
STC0363,25,Male,Mumbai
STC0364,22,Male,Pune
STC0365,27,Female,Bangalore
STC0366,52,Male,Mumbai
STC0367,20,Male,Chennai
STC0368,41,Female,Pune
STC0369,55,Male,Hyderabad
STC0370,53,Female,Pune
STC0371,27,Female,Pune
STC0372,45,Male,Delhi
STC0373,26,Male,Chennai
STC0374,20,Male,Mumbai
STC0375,37,Male,Bangalore
STC0376,41,Male,Hyderabad
STC0377,20,Female,Chennai
STC0378,40,Male,Delhi
STC0379,31,Male,Pune
STC0380,33,Female,Hyderabad
STC0381,24,Female,Bangalore
STC0382,40,Male,Hyderabad
STC0383,53,Male,Hyderabad
STC0384,44,Male,Chennai
STC0385,27,Female,Chennai
STC0386,33,Female,Mumbai
STC0387,28,Male,Bangalore
STC0388,29,Female,Pune
STC0389,44,Male,Mumbai
STC0390,19,Male,Mumbai
STC0391,29,Female,Pune
STC0392,39,Female,Delhi
STC0393,44,Male,Chennai
STC0394,33,Female,Bangalore
STC0395,35,Male,Hyderabad
STC0396,28,Male,Delhi
STC0397,24,Male,Bangalore
STC0398,42,Male,Chennai
STC0399,20,Male,Chennai
STC0400,48,Male,Bangalore
STC0401,32,Female,Hyderabad
STC0402,30,Male,Delhi
STC0403,47,Female,Chennai
STC0404,40,Male,Chennai
STC0405,37,Male,Delhi
STC0406,32,Female,Delhi
STC0407,32,Male,Hyderabad
STC0408,19,Female,Hyderabad
STC0409,30,Male,Bangalore
STC0410,43,Male,Delhi
STC0411,39,Male,Pune
STC0412,35,Male,Bangalore
STC0413,22,Male,Pune
STC0414,35,Female,Bangalore
STC0415,40,Male,Pune
STC0416,50,Female,Hyderabad
STC0417,43,Female,Bangalore
STC0418,52,Male,Bangalore
STC0419,39,Female,Mumbai
STC0420,19,Female,Pune
STC0421,25,Female,Bangalore
STC0422,34,Male,Bangalore
STC0423,29,Male,Hyderabad
STC0424,55,Female,Pune
STC0425,34,Female,Delhi
STC0426,20,Female,Pune
STC0427,24,Male,Chennai
STC0428,45,Female,Delhi
STC0429,40,Male,Bangalore
STC0430,38,Male,Pune
STC0431,45,Female,Pune
STC0432,50,Female,Chennai
STC0433,25,Female,Chennai
STC0434,42,Male,Chennai
STC0435,54,Male,Pune
STC0436,30,Male,Pune
STC0437,34,Female,Pune
STC0438,20,Male,Mumbai
STC0439,45,Male,Mumbai
STC0440,18,Female,Bangalore
STC0441,51,Male,Delhi
STC0442,52,Male,Pune
STC0443,30,Female,Hyderabad
STC0444,41,Male,Bangalore
STC0445,45,Female,Bangalore
STC0446,22,Male,Pune
STC0447,39,Male,Pune
STC0448,38,Female,Delhi
STC0449,25,Female,Chennai
STC0450,37,Male,Mumbai
STC0451,50,Male,Chennai
STC0452,37,Female,Bangalore
STC0453,44,Female,Bangalore
STC0454,38,Male,Pune
STC0455,43,Female,Bangalore
STC0456,36,Male,Hyderabad
STC0457,53,Male,Delhi
STC0458,26,Male,Pune
STC0459,30,Female,Delhi
STC0460,44,Female,Bangalore
STC0461,42,Male,Mumbai
STC0462,29,Male,Mumbai
STC0463,54,Male,Hyderabad
STC0464,37,Female,Hyderabad
STC0465,43,Female,Pune
STC0466,53,Female,Hyderabad
STC0467,18,Male,Bangalore
STC0468,37,Female,Pune
STC0469,36,Female,Mumbai
STC0470,31,Female,Chennai
STC0471,45,Female,Delhi
STC0472,55,Female,Delhi
STC0473,38,Male,Bangalore
STC0474,47,Female,Chennai
STC0475,46,Male,Chennai
STC0476,46,Male,Bangalore
STC0477,31,Female,Hyderabad
STC0478,50,Male,Bangalore
STC0479,48,Male,Delhi
STC0480,28,Female,Chennai
STC0481,23,Male,Pune
STC0482,36,Female,Delhi
STC0483,50,Female,Chennai
STC0484,39,Male,Hyderabad
STC0485,23,Male,Bangalore
STC0486,33,Female,Chennai
STC0487,37,Male,Mumbai
STC0488,32,Female,Chennai
STC0489,30,Male,Hyderabad
STC0490,27,Male,Mumbai
STC0491,19,Male,Pune
STC0492,20,Female,Chennai
STC0493,33,Female,Delhi
STC0494,48,Male,Mumbai
STC0495,22,Female,Bangalore
STC0496,47,Male,Mumbai
STC0497,44,Female,Hyderabad
STC0498,54,Male,Delhi
STC0499,30,Male,Pune
STC0500,42,Male,Hyderabad
STC0501,49,Female,Bangalore
STC0502,43,Male,Mumbai
STC0503,33,Male,Bangalore
STC0504,27,Female,Mumbai
STC0505,18,Female,Delhi
STC0506,24,Female,Chennai
STC0507,45,Female,Pune
STC0508,32,Male,Delhi
STC0509,29,Male,Delhi
STC0510,51,Male,Pune
STC0511,47,Female,Bangalore
STC0512,21,Female,Pune
STC0513,53,Male,Mumbai
STC0514,33,Male,Mumbai
STC0515,25,Female,Delhi
STC0516,47,Male,Hyderabad
STC0517,26,Female,Chennai
STC0518,47,Male,Chennai
STC0519,51,Female,Mumbai
STC0520,53,Female,Delhi
STC0521,38,Male,Hyderabad
STC0522,46,Male,Pune
STC0523,50,Male,Hyderabad
STC0524,45,Male,Bangalore
STC0525,53,Male,Delhi
STC0526,46,Female,Delhi
STC0527,28,Male,Delhi
STC0528,48,Female,Mumbai
STC0529,46,Male,Chennai
STC0530,34,Female,Bangalore
STC0531,33,Female,Hyderabad
STC0532,35,Female,Pune
STC0533,51,Female,Chennai
STC0534,49,Female,Hyderabad
STC0535,33,Male,Bangalore
STC0536,35,Female,Hyderabad
STC0537,46,Male,Bangalore
STC0538,22,Female,Mumbai
STC0539,36,Female,Bangalore
STC0540,33,Female,Bangalore
STC0541,35,Male,Bangalore
STC0542,39,Female,Bangalore
STC0543,38,Male,Hyderabad
STC0544,52,Female,Delhi
STC0545,23,Female,Mumbai
STC0546,26,Female,Pune
STC0547,27,Female,Chennai
STC0548,32,Male,Hyderabad
STC0549,42,Female,Chennai
STC0550,27,Male,Hyderabad
STC0551,31,Male,Hyderabad
STC0552,22,Male,Bangalore
STC0553,44,Male,Pune
STC0554,44,Female,Chennai
STC0555,39,Female,Hyderabad
STC0556,52,Male,Chennai
STC0557,47,Male,Hyderabad
STC0558,44,Female,Pune
STC0559,21,Female,Delhi
STC0560,31,Female,Delhi
STC0561,44,Male,Mumbai
STC0562,42,Female,Pune
STC0563,55,Female,Pune
STC0564,19,Male,Bangalore
STC0565,54,Female,Hyderabad
STC0566,42,Male,Delhi
STC0567,48,Male,Bangalore
STC0568,18,Male,Mumbai
STC0569,40,Female,Delhi
STC0570,37,Male,Hyderabad
STC0571,42,Male,Mumbai
STC0572,44,Male,Mumbai
STC0573,52,Male,Hyderabad
STC0574,52,Male,Chennai
STC0575,32,Male,Bangalore
STC0576,49,Female,Hyderabad
STC0577,32,Male,Pune
STC0578,35,Female,Delhi
STC0579,45,Male,Hyderabad
STC0580,49,Male,Chennai
STC0581,19,Female,Delhi
STC0582,42,Female,Pune
STC0583,39,Male,Pune
STC0584,43,Male,Pune
STC0585,28,Female,Hyderabad
STC0586,47,Female,Bangalore
STC0587,26,Female,Delhi
STC0588,52,Female,Hyderabad
STC0589,19,Female,Mumbai
STC0590,43,Male,Bangalore
STC0591,55,Female,Delhi
STC0592,54,Male,Bangalore
STC0593,19,Female,Hyderabad
STC0594,23,Male,Delhi
STC0595,45,Male,Chennai
STC0596,26,Male,Hyderabad
STC0597,47,Male,Pune
STC0598,29,Male,Mumbai
STC0599,21,Female,Mumbai
STC0600,34,Female,Pune
STC0601,42,Female,Bangalore
STC0602,38,Female,Bangalore
STC0603,31,Female,Chennai
STC0604,47,Female,Chennai
STC0605,38,Female,Hyderabad
STC0606,39,Male,Mumbai
STC0607,42,Male,Chennai
STC0608,35,Female,Chennai
STC0609,44,Female,Bangalore
STC0610,34,Male,Hyderabad
STC0611,23,Female,Pune
STC0612,48,Male,Hyderabad
STC0613,19,Female,Chennai
STC0614,52,Female,Chennai
STC0615,21,Male,Pune
STC0616,40,Male,Mumbai
STC0617,32,Female,Mumbai
STC0618,22,Female,Bangalore
STC0619,20,Female,Hyderabad
STC0620,19,Male,Mumbai
STC0621,33,Female,Delhi
STC0622,30,Female,Chennai
STC0623,19,Female,Bangalore
STC0624,27,Female,Delhi
STC0625,33,Female,Hyderabad
STC0626,26,Male,Delhi
STC0627,48,Male,Hyderabad
STC0628,25,Male,Bangalore
STC0629,54,Female,Chennai
STC0630,31,Female,Chennai
STC0631,47,Female,Hyderabad
STC0632,34,Female,Chennai
STC0633,41,Female,Mumbai
STC0634,28,Male,Bangalore
STC0635,25,Male,Delhi
STC0636,28,Female,Chennai
STC0637,37,Male,Delhi
STC0638,24,Female,Mumbai
STC0639,55,Female,Bangalore
STC0640,19,Female,Pune
STC0641,37,Male,Delhi
STC0642,54,Male,Mumbai
STC0643,42,Male,Pune
STC0644,43,Female,Bangalore
STC0645,30,Female,Hyderabad
STC0646,22,Male,Chennai
STC0647,55,Male,Pune
STC0648,33,Male,Bangalore
STC0649,24,Male,Pune
STC0650,37,Male,Mumbai
STC0651,25,Male,Bangalore
STC0652,54,Male,Bangalore
STC0653,20,Male,Hyderabad
STC0654,40,Female,Chennai
STC0655,52,Male,Bangalore
STC0656,45,Female,Mumbai
STC0657,41,Male,Bangalore
STC0658,22,Female,Bangalore
STC0659,50,Female,Delhi
STC0660,39,Female,Chennai
STC0661,18,Female,Mumbai
STC0662,44,Male,Delhi
STC0663,49,Male,Pune
STC0664,24,Male,Chennai
STC0665,45,Female,Pune
STC0666,41,Female,Mumbai
STC0667,47,Female,Delhi
STC0668,27,Male,Pune
STC0669,45,Female,Delhi
STC0670,29,Female,Bangalore
STC0671,51,Female,Bangalore
STC0672,35,Male,Chennai
STC0673,52,Female,Bangalore
STC0674,48,Male,Bangalore
STC0675,47,Female,Chennai
STC0676,45,Male,Chennai
STC0677,55,Female,Chennai
STC0678,35,Male,Bangalore
STC0679,38,Male,Mumbai
STC0680,33,Male,Delhi
STC0681,23,Male,Delhi
STC0682,35,Male,Bangalore
STC0683,46,Male,Pune
STC0684,33,Female,Mumbai
STC0685,47,Female,Pune
STC0686,54,Male,Delhi
STC0687,42,Male,Bangalore
STC0688,39,Female,Bangalore
STC0689,19,Male,Hyderabad
STC0690,49,Male,Hyderabad
STC0691,38,Male,Bangalore
STC0692,29,Male,Pune
STC0693,49,Female,Mumbai
STC0694,31,Female,Pune
STC0695,40,Female,Pune
STC0696,34,Female,Delhi
STC0697,39,Female,Pune
STC0698,35,Female,Pune
STC0699,35,Female,Delhi
STC0700,53,Female,Delhi
STC0701,18,Male,Chennai
STC0702,51,Female,Delhi
STC0703,30,Female,Delhi
STC0704,23,Female,Chennai
STC0705,33,Male,Delhi
STC0706,44,Male,Chennai
STC0707,49,Female,Mumbai
STC0708,53,Female,Hyderabad
STC0709,33,Female,Hyderabad
STC0710,48,Male,Mumbai
STC0711,49,Female,Mumbai
STC0712,46,Male,Pune
STC0713,19,Female,Mumbai
STC0714,23,Female,Hyderabad
STC0715,36,Female,Bangalore
STC0716,32,Female,Bangalore
STC0717,43,Female,Chennai
STC0718,33,Female,Bangalore
STC0719,37,Male,Pune
STC0720,55,Male,Hyderabad
STC0721,41,Male,Delhi
STC0722,48,Male,Delhi
STC0723,53,Female,Bangalore
STC0724,51,Female,Pune
STC0725,40,Male,Chennai
STC0726,45,Male,Bangalore
STC0727,53,Female,Mumbai
STC0728,39,Female,Chennai
STC0729,40,Female,Mumbai
STC0730,47,Female,Pune
STC0731,35,Female,Pune
STC0732,37,Female,Chennai
STC0733,34,Male,Pune
STC0734,32,Male,Chennai
STC0735,25,Female,Pune
STC0736,30,Male,Bangalore
STC0737,38,Female,Pune
STC0738,25,Female,Pune
STC0739,52,Female,Pune
STC0740,29,Male,Mumbai
STC0741,30,Male,Hyderabad
STC0742,31,Female,Chennai
STC0743,48,Male,Mumbai
STC0744,35,Female,Mumbai
STC0745,55,Male,Mumbai
STC0746,51,Female,Hyderabad
STC0747,36,Male,Hyderabad
STC0748,24,Female,Mumbai
STC0749,30,Male,Pune
STC0750,36,Male,Mumbai
STC0751,32,Female,Mumbai
STC0752,41,Male,Chennai
STC0753,29,Female,Delhi
STC0754,37,Female,Delhi
STC0755,18,Female,Mumbai
STC0756,52,Female,Hyderabad
STC0757,26,Female,Mumbai
STC0758,35,Female,Bangalore
STC0759,20,Female,Mumbai
STC0760,21,Male,Mumbai
STC0761,53,Female,Bangalore
STC0762,36,Male,Chennai
STC0763,26,Male,Mumbai
STC0764,49,Female,Mumbai
STC0765,24,Male,Mumbai
STC0766,18,Male,Delhi
STC0767,54,Female,Pune
STC0768,36,Female,Delhi
STC0769,48,Female,Pune
STC0770,48,Male,Pune
STC0771,46,Male,Chennai
STC0772,39,Male,Bangalore
STC0773,29,Male,Mumbai
STC0774,21,Female,Mumbai
STC0775,34,Female,Pune
STC0776,48,Female,Chennai
STC0777,25,Male,Bangalore
STC0778,22,Female,Delhi
STC0779,43,Male,Bangalore
STC0780,49,Male,Bangalore
STC0781,22,Female,Pune
STC0782,54,Female,Delhi
STC0783,21,Male,Chennai
STC0784,27,Female,Delhi
STC0785,27,Male,Pune
STC0786,54,Male,Delhi
STC0787,37,Female,Delhi
STC0788,23,Female,Mumbai
STC0789,33,Male,Mumbai
STC0790,25,Male,Delhi
STC0791,53,Male,Mumbai
STC0792,44,Female,Delhi
STC0793,32,Male,Pune
STC0794,51,Male,Chennai
STC0795,42,Female,Pune
STC0796,46,Female,Bangalore
STC0797,46,Female,Pune
STC0798,37,Female,Delhi
STC0799,55,Female,Mumbai
STC0800,45,Female,Chennai
STC0801,37,Male,Mumbai
STC0802,54,Male,Pune
STC0803,21,Male,Delhi
STC0804,24,Female,Chennai
STC0805,31,Male,Hyderabad
STC0806,31,Female,Bangalore
STC0807,34,Male,Chennai
STC0808,23,Male,Delhi
STC0809,28,Male,Pune
STC0810,33,Male,Hyderabad
STC0811,29,Male,Chennai
STC0812,53,Female,Mumbai
STC0813,22,Female,Pune
STC0814,28,Male,Bangalore
STC0815,18,Male,Hyderabad
STC0816,44,Female,Hyderabad
STC0817,46,Female,Pune
STC0818,48,Male,Delhi
STC0819,36,Male,Pune
STC0820,20,Male,Hyderabad
STC0821,32,Female,Mumbai
STC0822,36,Female,Bangalore
STC0823,36,Female,Mumbai
STC0824,47,Female,Hyderabad
STC0825,22,Female,Mumbai
STC0826,32,Male,Delhi
STC0827,34,Female,Pune
STC0828,55,Female,Hyderabad
STC0829,30,Female,Bangalore
STC0830,45,Male,Chennai
STC0831,25,Male,Bangalore
STC0832,52,Female,Delhi
STC0833,32,Male,Chennai
STC0834,27,Male,Mumbai
STC0835,35,Male,Mumbai
STC0836,27,Male,Bangalore
STC0837,22,Male,Hyderabad
STC0838,21,Male,Mumbai
STC0839,28,Male,Hyderabad
STC0840,37,Male,Bangalore
STC0841,54,Female,Hyderabad
STC0842,36,Male,Delhi
STC0843,46,Female,Chennai
STC0844,25,Female,Bangalore
STC0845,47,Male,Chennai
STC0846,37,Male,Hyderabad
STC0847,43,Male,Pune
STC0848,35,Male,Delhi
STC0849,50,Male,Hyderabad
STC0850,52,Male,Bangalore
STC0851,49,Female,Hyderabad
STC0852,46,Female,Pune
STC0853,23,Female,Mumbai
STC0854,20,Male,Hyderabad
STC0855,45,Female,Chennai
STC0856,38,Female,Bangalore
STC0857,34,Male,Pune
STC0858,19,Male,Mumbai
STC0859,23,Male,Chennai
STC0860,32,Female,Hyderabad
STC0861,54,Female,Chennai
STC0862,55,Male,Mumbai
STC0863,19,Female,Hyderabad
STC0864,35,Male,Hyderabad
STC0865,54,Female,Delhi
STC0866,20,Male,Chennai
STC0867,29,Male,Chennai
STC0868,48,Female,Mumbai
STC0869,51,Male,Mumbai
STC0870,46,Male,Pune
STC0871,35,Female,Hyderabad
STC0872,29,Male,Hyderabad
STC0873,55,Male,Chennai
STC0874,45,Female,Delhi
STC0875,49,Male,Mumbai
STC0876,23,Female,Chennai
STC0877,48,Female,Pune
STC0878,40,Female,Mumbai
STC0879,44,Male,Bangalore
STC0880,39,Male,Pune
STC0881,38,Female,Bangalore
STC0882,24,Male,Pune
STC0883,28,Female,Delhi
STC0884,39,Female,Hyderabad
STC0885,44,Male,Mumbai
STC0886,49,Male,Pune
STC0887,36,Male,Hyderabad
STC0888,43,Male,Chennai
STC0889,53,Male,Hyderabad
STC0890,20,Female,Bangalore
STC0891,47,Male,Chennai
STC0892,23,Male,Delhi
STC0893,38,Male,Delhi
STC0894,34,Male,Bangalore
STC0895,38,Female,Chennai
STC0896,25,Male,Hyderabad
STC0897,43,Female,Bangalore
STC0898,50,Female,Hyderabad
STC0899,18,Female,Chennai
STC0900,52,Female,Delhi
STC0901,47,Male,Hyderabad
STC0902,44,Male,Hyderabad
STC0903,21,Male,Delhi
STC0904,30,Male,Bangalore
STC0905,51,Female,Pune
STC0906,41,Female,Hyderabad
STC0907,49,Female,Mumbai
STC0908,46,Female,Mumbai
STC0909,21,Male,Bangalore
STC0910,31,Male,Hyderabad
STC0911,35,Male,Hyderabad
STC0912,53,Male,Pune
STC0913,26,Male,Chennai
STC0914,36,Male,Pune
STC0915,46,Female,Mumbai
STC0916,49,Female,Mumbai
STC0917,25,Female,Chennai
STC0918,19,Female,Mumbai
STC0919,33,Male,Mumbai
STC0920,28,Female,Hyderabad
STC0921,37,Female,Chennai
STC0922,53,Male,Mumbai
STC0923,18,Male,Pune
STC0924,53,Female,Hyderabad
STC0925,44,Female,Delhi
STC0926,23,Female,Chennai
STC0927,32,Female,Bangalore
STC0928,25,Female,Pune
STC0929,47,Female,Bangalore
STC0930,25,Female,Delhi
STC0931,27,Male,Delhi
STC0932,49,Male,Mumbai
STC0933,36,Male,Mumbai
STC0934,50,Male,Chennai
STC0935,35,Male,Delhi
STC0936,44,Male,Hyderabad
STC0937,48,Female,Hyderabad
STC0938,48,Female,Pune
STC0939,33,Female,Bangalore
STC0940,47,Male,Chennai
STC0941,53,Female,Hyderabad
STC0942,27,Female,Hyderabad
STC0943,42,Male,Delhi
STC0944,30,Male,Bangalore
STC0945,50,Female,Delhi
STC0946,26,Female,Bangalore
STC0947,22,Male,Delhi
STC0948,35,Female,Delhi
STC0949,44,Female,Mumbai
STC0950,39,Male,Mumbai
STC0951,50,Male,Hyderabad
STC0952,35,Female,Mumbai
STC0953,18,Female,Hyderabad
STC0954,36,Male,Hyderabad
STC0955,37,Male,Bangalore
STC0956,55,Female,Hyderabad
STC0957,55,Male,Hyderabad
STC0958,49,Female,Hyderabad
STC0959,27,Male,Mumbai
STC0960,46,Female,Mumbai
STC0961,52,Female,Pune
STC0962,48,Female,Delhi
STC0963,40,Male,Chennai
STC0964,39,Male,Bangalore
STC0965,53,Male,Chennai
STC0966,52,Male,Pune
STC0967,42,Female,Hyderabad
STC0968,47,Female,Hyderabad
STC0969,38,Male,Pune
STC0970,30,Male,Bangalore
STC0971,33,Female,Chennai
STC0972,54,Female,Hyderabad
STC0973,42,Male,Hyderabad
STC0974,32,Female,Mumbai
STC0975,44,Female,Delhi
STC0976,20,Male,Chennai
STC0977,38,Male,Hyderabad
STC0978,48,Female,Chennai
STC0979,42,Female,Delhi
STC0980,42,Male,Chennai
STC0981,27,Male,Delhi
STC0982,49,Female,Delhi
STC0983,20,Female,Hyderabad
STC0984,26,Female,Hyderabad
STC0985,50,Male,Delhi
STC0986,55,Female,Pune
STC0987,39,Female,Delhi
STC0988,24,Female,Mumbai
STC0989,46,Male,Hyderabad
STC0990,24,Female,Bangalore
STC0991,51,Male,Hyderabad
STC0992,47,Male,Delhi
STC0993,18,Female,Hyderabad
STC0994,27,Female,Delhi
STC0995,44,Male,Chennai
STC0996,27,Male,Bangalore
STC0997,22,Male,Bangalore
STC0998,48,Female,Bangalore
STC0999,34,Male,Mumbai
STC1000,39,Female,Mumbai
STC1001,43,Female,Delhi
STC1002,23,Female,Mumbai
STC1003,39,Male,Pune
STC1004,52,Male,Bangalore
STC1005,42,Female,Bangalore
STC1006,38,Female,Chennai
STC1007,49,Female,Delhi
STC1008,52,Female,Mumbai
STC1009,20,Female,Chennai
STC1010,22,Male,Bangalore
STC1011,33,Male,Hyderabad
STC1012,36,Male,Mumbai
STC1013,32,Male,Hyderabad
STC1014,23,Female,Bangalore
STC1015,45,Female,Bangalore
STC1016,24,Female,Hyderabad
STC1017,24,Female,Bangalore
STC1018,46,Male,Mumbai
STC1019,28,Male,Chennai
STC1020,37,Male,Pune
STC1021,19,Female,Pune
STC1022,20,Male,Pune
STC1023,38,Female,Chennai
STC1024,21,Male,Bangalore
STC1025,36,Female,Delhi
STC1026,40,Male,Mumbai
STC1027,41,Male,Chennai
STC1028,45,Male,Mumbai
STC1029,27,Female,Bangalore
STC1030,33,Male,Mumbai
STC1031,51,Female,Bangalore
STC1032,44,Male,Pune
STC1033,54,Female,Mumbai
STC1034,29,Male,Delhi
STC1035,28,Female,Bangalore
STC1036,29,Male,Mumbai
STC1037,23,Male,Hyderabad
STC1038,42,Female,Chennai
STC1039,33,Female,Hyderabad
STC1040,49,Male,Delhi
STC1041,55,Female,Delhi
STC1042,27,Male,Hyderabad
STC1043,32,Male,Bangalore
STC1044,47,Female,Mumbai
STC1045,34,Female,Chennai
STC1046,47,Male,Hyderabad
STC1047,34,Male,Delhi
STC1048,18,Male,Mumbai
STC1049,47,Male,Bangalore
STC1050,36,Female,Hyderabad
STC1051,52,Female,Delhi
STC1052,28,Female,Hyderabad
STC1053,22,Female,Bangalore
STC1054,46,Male,Delhi
STC1055,40,Female,Mumbai
STC1056,55,Female,Hyderabad
STC1057,37,Female,Mumbai
STC1058,45,Female,Chennai
STC1059,34,Female,Chennai
STC1060,47,Male,Pune
STC1061,37,Male,Bangalore
STC1062,30,Female,Hyderabad
STC1063,42,Female,Delhi
STC1064,48,Female,Chennai
STC1065,24,Male,Bangalore
STC1066,33,Male,Pune
STC1067,42,Male,Delhi
STC1068,54,Female,Bangalore
STC1069,40,Female,Bangalore
STC1070,54,Male,Hyderabad
STC1071,36,Male,Pune
STC1072,36,Female,Hyderabad
STC1073,19,Male,Chennai
STC1074,43,Female,Mumbai
STC1075,35,Female,Delhi
STC1076,18,Female,Pune
STC1077,54,Female,Bangalore
STC1078,21,Female,Bangalore
STC1079,49,Male,Mumbai
STC1080,36,Male,Bangalore
STC1081,32,Male,Delhi
STC1082,40,Female,Hyderabad
STC1083,32,Male,Pune
STC1084,30,Male,Delhi
STC1085,34,Male,Chennai
STC1086,26,Male,Mumbai
STC1087,24,Female,Chennai
STC1088,20,Male,Delhi
STC1089,37,Female,Mumbai
STC1090,46,Female,Delhi
STC1091,20,Male,Bangalore
STC1092,55,Male,Bangalore
STC1093,41,Female,Mumbai
STC1094,26,Male,Delhi
STC1095,23,Male,Delhi
STC1096,36,Female,Hyderabad
STC1097,38,Female,Hyderabad
STC1098,44,Male,Pune
STC1099,29,Male,Bangalore
STC1100,30,Female,Mumbai
STC1101,26,Male,Chennai
STC1102,52,Female,Bangalore
STC1103,41,Male,Delhi
STC1104,51,Female,Bangalore
STC1105,50,Female,Hyderabad
STC1106,35,Female,Chennai
STC1107,28,Female,Delhi
STC1108,34,Male,Bangalore
STC1109,48,Male,Pune
STC1110,36,Female,Hyderabad
STC1111,39,Male,Hyderabad
STC1112,25,Female,Bangalore
STC1113,47,Male,Delhi
STC1114,22,Female,Delhi
STC1115,27,Male,Hyderabad
STC1116,32,Male,Chennai
STC1117,43,Female,Delhi
STC1118,53,Female,Pune
STC1119,41,Male,Mumbai
STC1120,23,Male,Chennai
STC1121,43,Male,Chennai
STC1122,18,Male,Delhi
STC1123,34,Male,Pune
STC1124,52,Female,Delhi
STC1125,25,Male,Hyderabad
STC1126,47,Female,Pune
STC1127,41,Female,Chennai
STC1128,34,Female,Chennai
STC1129,55,Male,Hyderabad
STC1130,42,Male,Bangalore
STC1131,41,Female,Chennai
STC1132,24,Male,Delhi
STC1133,32,Female,Delhi
STC1134,48,Female,Hyderabad
STC1135,19,Male,Delhi
STC1136,53,Male,Chennai
STC1137,38,Male,Chennai
STC1138,32,Female,Mumbai
STC1139,22,Male,Delhi
STC1140,47,Female,Pune
STC1141,37,Female,Bangalore
STC1142,44,Female,Hyderabad
STC1143,25,Male,Pune
STC1144,26,Female,Pune
STC1145,20,Male,Pune
STC1146,20,Male,Chennai
STC1147,37,Male,Chennai
STC1148,49,Male,Bangalore
STC1149,25,Female,Hyderabad
STC1150,24,Female,Hyderabad
STC1151,33,Male,Bangalore
STC1152,52,Female,Mumbai
STC1153,26,Male,Chennai
STC1154,42,Male,Pune
STC1155,47,Female,Hyderabad
STC1156,41,Female,Bangalore
STC1157,52,Female,Bangalore
STC1158,44,Female,Chennai
STC1159,55,Male,Pune
STC1160,27,Female,Bangalore
STC1161,44,Male,Chennai
STC1162,24,Male,Delhi
STC1163,49,Female,Pune
STC1164,44,Female,Hyderabad
STC1165,35,Male,Pune
STC1166,20,Male,Mumbai
STC1167,41,Male,Pune
STC1168,31,Female,Pune
STC1169,46,Female,Mumbai
STC1170,46,Male,Pune
STC1171,33,Female,Bangalore
STC1172,41,Female,Hyderabad
STC1173,24,Female,Hyderabad
STC1174,41,Male,Delhi
STC1175,52,Female,Hyderabad
STC1176,40,Female,Hyderabad
STC1177,21,Female,Chennai
STC1178,43,Male,Mumbai
STC1179,35,Female,Pune
STC1180,30,Male,Pune
STC1181,25,Female,Bangalore
STC1182,47,Male,Pune
STC1183,23,Male,Mumbai
STC1184,31,Male,Bangalore
STC1185,19,Male,Bangalore
STC1186,21,Male,Chennai
STC1187,39,Male,Delhi
STC1188,33,Male,Pune
STC1189,26,Female,Chennai
STC1190,54,Male,Mumbai
STC1191,31,Male,Chennai
STC1192,22,Female,Hyderabad
STC1193,53,Male,Mumbai
STC1194,31,Male,Mumbai
STC1195,55,Male,Mumbai
STC1196,31,Female,Bangalore
STC1197,32,Female,Delhi
STC1198,39,Male,Bangalore
STC1199,27,Male,Mumbai
STC1200,18,Male,Hyderabad
STC1201,35,Male,Bangalore
STC1202,27,Male,Chennai
STC1203,26,Female,Chennai
STC1204,52,Male,Mumbai
STC1205,34,Male,Hyderabad
STC1206,29,Female,Chennai
STC1207,25,Female,Pune
STC1208,19,Female,Pune
STC1209,26,Female,Mumbai
STC1210,18,Female,Delhi
STC1211,40,Female,Chennai
STC1212,33,Female,Delhi
STC1213,55,Male,Mumbai
STC1214,38,Female,Delhi
STC1215,19,Male,Chennai
STC1216,29,Male,Delhi
STC1217,34,Male,Delhi
STC1218,21,Male,Bangalore
STC1219,26,Male,Hyderabad
STC1220,44,Female,Mumbai
STC1221,51,Male,Pune
STC1222,25,Female,Delhi
STC1223,22,Female,Mumbai
STC1224,48,Male,Bangalore
STC1225,46,Female,Bangalore
STC1226,41,Female,Delhi
STC1227,50,Female,Chennai
STC1228,55,Female,Hyderabad
STC1229,24,Male,Chennai
STC1230,46,Female,Chennai
STC1231,50,Male,Pune
STC1232,32,Male,Hyderabad
STC1233,20,Male,Pune
STC1234,51,Female,Pune
STC1235,37,Female,Mumbai
STC1236,47,Male,Pune
STC1237,19,Female,Pune
STC1238,21,Female,Bangalore
STC1239,48,Male,Hyderabad
STC1240,43,Male,Hyderabad
STC1241,45,Male,Bangalore
STC1242,24,Male,Delhi
STC1243,49,Male,Mumbai
STC1244,46,Female,Hyderabad
STC1245,22,Male,Delhi
STC1246,23,Female,Bangalore
STC1247,38,Male,Chennai
STC1248,27,Female,Mumbai
STC1249,22,Male,Bangalore
STC1250,26,Female,Delhi
STC1251,35,Male,Hyderabad
STC1252,55,Male,Hyderabad
STC1253,53,Male,Chennai
STC1254,38,Male,Pune
STC1255,42,Female,Bangalore
STC1256,51,Male,Pune
STC1257,36,Male,Bangalore
STC1258,47,Male,Hyderabad
STC1259,50,Male,Chennai
STC1260,45,Female,Bangalore
STC1261,24,Male,Bangalore
STC1262,25,Female,Mumbai
STC1263,53,Male,Chennai
STC1264,31,Female,Delhi
STC1265,45,Male,Mumbai
STC1266,46,Male,Chennai
STC1267,32,Female,Chennai
STC1268,44,Female,Mumbai
STC1269,39,Female,Chennai
STC1270,47,Male,Chennai
STC1271,43,Male,Pune
STC1272,44,Male,Bangalore
STC1273,24,Female,Delhi
STC1274,38,Male,Hyderabad
STC1275,45,Male,Bangalore
STC1276,38,Female,Chennai
STC1277,34,Female,Chennai
STC1278,41,Female,Bangalore
STC1279,27,Female,Chennai
STC1280,48,Female,Mumbai
STC1281,22,Male,Delhi
STC1282,23,Female,Pune
STC1283,23,Female,Hyderabad
STC1284,23,Female,Hyderabad
STC1285,45,Male,Mumbai
STC1286,24,Male,Hyderabad
STC1287,41,Female,Bangalore
STC1288,26,Male,Bangalore
STC1289,53,Male,Mumbai
STC1290,21,Female,Pune
STC1291,55,Female,Bangalore
STC1292,53,Female,Pune
STC1293,53,Male,Pune
STC1294,39,Female,Hyderabad
STC1295,25,Female,Chennai
STC1296,44,Female,Bangalore
STC1297,40,Female,Chennai
STC1298,45,Female,Hyderabad
STC1299,21,Female,Mumbai
STC1300,36,Female,Bangalore
STC1301,37,Male,Mumbai
STC1302,40,Male,Hyderabad
STC1303,24,Male,Hyderabad
STC1304,54,Female,Chennai
STC1305,50,Male,Hyderabad
STC1306,31,Male,Bangalore
STC1307,27,Female,Chennai
STC1308,48,Male,Hyderabad
STC1309,32,Male,Mumbai
STC1310,24,Male,Pune
STC1311,40,Male,Chennai
STC1312,53,Female,Bangalore
STC1313,41,Male,Delhi
STC1314,25,Male,Mumbai
STC1315,35,Female,Bangalore
STC1316,54,Female,Hyderabad
STC1317,32,Male,Delhi
STC1318,45,Female,Chennai
STC1319,53,Female,Delhi
STC1320,53,Male,Chennai
STC1321,19,Female,Bangalore
STC1322,35,Male,Hyderabad
STC1323,19,Female,Chennai
STC1324,29,Male,Mumbai
STC1325,35,Female,Mumbai
STC1326,37,Female,Chennai
STC1327,39,Male,Chennai
STC1328,40,Male,Pune
STC1329,18,Male,Chennai
STC1330,29,Male,Hyderabad
STC1331,27,Female,Chennai
STC1332,54,Male,Pune
STC1333,43,Male,Mumbai
STC1334,22,Male,Hyderabad
STC1335,27,Female,Pune
STC1336,19,Female,Chennai
STC1337,23,Male,Bangalore
STC1338,51,Male,Bangalore
STC1339,31,Female,Delhi
STC1340,42,Male,Mumbai
STC1341,44,Male,Mumbai
STC1342,47,Female,Pune
STC1343,39,Female,Pune
STC1344,28,Male,Delhi
STC1345,41,Male,Chennai
STC1346,37,Male,Chennai
STC1347,38,Female,Pune
STC1348,54,Female,Delhi
STC1349,23,Female,Chennai
STC1350,21,Female,Hyderabad
STC1351,27,Male,Bangalore
STC1352,28,Male,Hyderabad
STC1353,21,Female,Hyderabad
STC1354,23,Male,Chennai
STC1355,35,Female,Pune
STC1356,46,Female,Bangalore
STC1357,45,Male,Pune
STC1358,49,Female,Chennai
STC1359,46,Female,Delhi
STC1360,44,Female,Bangalore
STC1361,35,Male,Bangalore
STC1362,31,Female,Pune
STC1363,50,Female,Mumbai
STC1364,25,Male,Hyderabad
STC1365,40,Female,Bangalore
STC1366,45,Female,Pune
STC1367,25,Female,Hyderabad
STC1368,36,Female,Hyderabad
STC1369,55,Female,Delhi
STC1370,49,Male,Pune
STC1371,51,Male,Mumbai
STC1372,37,Female,Mumbai
STC1373,20,Male,Delhi
STC1374,32,Male,Chennai
STC1375,43,Male,Delhi
STC1376,21,Female,Chennai
STC1377,18,Male,Pune
STC1378,31,Male,Mumbai
STC1379,37,Male,Hyderabad
STC1380,31,Male,Pune
STC1381,26,Female,Bangalore
STC1382,34,Male,Chennai
STC1383,36,Male,Pune
STC1384,38,Female,Mumbai
STC1385,25,Female,Hyderabad
STC1386,18,Male,Delhi
STC1387,49,Female,Hyderabad
STC1388,45,Female,Delhi
STC1389,29,Female,Bangalore
STC1390,26,Male,Pune
STC1391,42,Male,Mumbai
STC1392,52,Female,Bangalore
STC1393,32,Male,Pune
STC1394,50,Male,Delhi
STC1395,53,Male,Mumbai
STC1396,40,Male,Mumbai
STC1397,22,Male,Chennai
STC1398,43,Male,Delhi
STC1399,20,Male,Hyderabad
STC1400,45,Male,Hyderabad
STC1401,19,Male,Chennai
STC1402,47,Male,Hyderabad
STC1403,22,Female,Mumbai
STC1404,38,Male,Pune
STC1405,54,Female,Chennai
STC1406,45,Male,Pune
STC1407,54,Female,Pune
STC1408,43,Male,Bangalore
STC1409,44,Male,Bangalore
STC1410,36,Female,Chennai
STC1411,25,Female,Hyderabad
STC1412,43,Female,Hyderabad
STC1413,19,Male,Pune
STC1414,38,Male,Hyderabad
STC1415,28,Female,Pune
STC1416,47,Male,Delhi
STC1417,41,Male,Pune
STC1418,23,Female,Bangalore
STC1419,45,Male,Chennai
STC1420,24,Female,Chennai
STC1421,33,Female,Pune
STC1422,45,Male,Hyderabad
STC1423,55,Male,Pune
STC1424,43,Female,Hyderabad
STC1425,51,Female,Pune
STC1426,23,Male,Mumbai
STC1427,43,Male,Bangalore
STC1428,37,Male,Bangalore
STC1429,39,Male,Pune
STC1430,32,Female,Delhi
STC1431,39,Male,Hyderabad
STC1432,28,Male,Pune
STC1433,22,Male,Bangalore
STC1434,50,Female,Delhi
STC1435,25,Male,Chennai
STC1436,51,Male,Chennai
STC1437,50,Male,Hyderabad
STC1438,30,Female,Mumbai
STC1439,40,Male,Mumbai
STC1440,40,Male,Hyderabad
STC1441,27,Female,Pune
STC1442,33,Female,Bangalore
STC1443,24,Female,Chennai
STC1444,27,Male,Hyderabad
STC1445,34,Female,Chennai
STC1446,30,Male,Pune
STC1447,29,Female,Chennai
STC1448,27,Female,Hyderabad
STC1449,22,Female,Chennai
STC1450,29,Male,Hyderabad
STC1451,49,Female,Chennai
STC1452,47,Male,Delhi
STC1453,54,Female,Bangalore
STC1454,55,Female,Mumbai
STC1455,46,Male,Mumbai
STC1456,54,Male,Delhi
STC1457,38,Female,Mumbai
STC1458,38,Female,Mumbai
STC1459,27,Female,Bangalore
STC1460,46,Male,Pune
STC1461,22,Male,Hyderabad
STC1462,48,Male,Bangalore
STC1463,46,Male,Delhi
STC1464,37,Male,Chennai
STC1465,35,Female,Delhi
STC1466,55,Male,Chennai
STC1467,21,Female,Chennai
STC1468,40,Female,Mumbai
STC1469,50,Female,Mumbai
STC1470,22,Male,Bangalore
STC1471,37,Male,Delhi
STC1472,47,Female,Delhi
STC1473,46,Female,Hyderabad
STC1474,20,Female,Bangalore
STC1475,21,Female,Hyderabad
STC1476,41,Female,Chennai
STC1477,36,Female,Bangalore
STC1478,22,Female,Pune
STC1479,23,Male,Delhi
STC1480,50,Female,Mumbai
STC1481,42,Female,Delhi
STC1482,47,Male,Pune
STC1483,55,Female,Bangalore
STC1484,53,Female,Pune
STC1485,20,Female,Delhi
STC1486,46,Female,Hyderabad
STC1487,54,Female,Bangalore
STC1488,30,Female,Hyderabad
STC1489,38,Male,Pune
STC1490,48,Male,Mumbai
STC1491,50,Male,Bangalore
STC1492,27,Female,Chennai
STC1493,21,Male,Delhi
STC1494,46,Male,Hyderabad
STC1495,24,Male,Pune
STC1496,39,Female,Bangalore
STC1497,23,Female,Mumbai
STC1498,50,Male,Bangalore
STC1499,29,Male,Mumbai
STC1500,20,Female,Pune
STC1501,33,Male,Hyderabad
STC1502,46,Male,Bangalore
STC1503,46,Male,Chennai
STC1504,51,Female,Bangalore
STC1505,51,Female,Hyderabad
STC1506,28,Male,Bangalore
STC1507,41,Male,Bangalore
STC1508,41,Female,Delhi
STC1509,36,Male,Bangalore
STC1510,42,Female,Delhi
STC1511,44,Male,Bangalore
STC1512,39,Male,Hyderabad
STC1513,21,Female,Pune
STC1514,39,Female,Bangalore
STC1515,22,Female,Chennai
STC1516,39,Male,Hyderabad
STC1517,24,Male,Pune
STC1518,53,Female,Delhi
STC1519,42,Female,Chennai
STC1520,36,Male,Chennai
STC1521,34,Male,Hyderabad
STC1522,27,Female,Mumbai
STC1523,39,Male,Pune
STC1524,23,Male,Pune
STC1525,55,Male,Mumbai
STC1526,27,Male,Pune
STC1527,40,Male,Pune
STC1528,37,Female,Mumbai
STC1529,43,Male,Hyderabad
STC1530,26,Male,Bangalore
STC1531,23,Male,Pune
STC1532,37,Male,Chennai
STC1533,53,Female,Hyderabad
STC1534,42,Female,Hyderabad
STC1535,39,Female,Mumbai
STC1536,26,Female,Hyderabad
STC1537,51,Female,Mumbai
STC1538,23,Male,Hyderabad
STC1539,45,Male,Bangalore
STC1540,50,Male,Chennai
STC1541,41,Male,Delhi
STC1542,19,Female,Hyderabad
STC1543,41,Female,Hyderabad
STC1544,37,Female,Hyderabad
STC1545,29,Female,Mumbai
STC1546,31,Male,Chennai
STC1547,39,Male,Pune
STC1548,49,Female,Mumbai
STC1549,30,Female,Bangalore
STC1550,32,Male,Mumbai
STC1551,26,Female,Pune
STC1552,27,Male,Bangalore
STC1553,22,Female,Pune
STC1554,36,Male,Pune
STC1555,24,Male,Chennai
STC1556,50,Female,Delhi
STC1557,52,Female,Bangalore
STC1558,51,Male,Delhi
STC1559,20,Female,Chennai
STC1560,39,Female,Delhi
STC1561,26,Female,Pune
STC1562,42,Female,Delhi
STC1563,27,Female,Mumbai
STC1564,28,Male,Delhi
STC1565,29,Female,Delhi
STC1566,28,Female,Pune
STC1567,46,Female,Hyderabad
STC1568,20,Male,Mumbai
STC1569,44,Female,Pune
STC1570,41,Male,Hyderabad
STC1571,33,Female,Chennai
STC1572,46,Male,Mumbai
STC1573,36,Female,Bangalore
STC1574,46,Male,Mumbai
STC1575,32,Male,Bangalore
STC1576,52,Female,Chennai
STC1577,33,Female,Chennai
STC1578,37,Female,Mumbai
STC1579,48,Male,Hyderabad
STC1580,30,Female,Bangalore
STC1581,41,Male,Delhi
STC1582,54,Female,Mumbai
STC1583,46,Male,Bangalore
STC1584,47,Female,Pune
STC1585,36,Female,Mumbai
STC1586,42,Male,Mumbai
STC1587,50,Male,Hyderabad
STC1588,51,Female,Chennai
STC1589,44,Female,Chennai
STC1590,28,Female,Hyderabad
STC1591,30,Male,Hyderabad
STC1592,26,Female,Chennai
STC1593,34,Male,Bangalore
STC1594,21,Male,Delhi
STC1595,48,Female,Chennai
STC1596,41,Male,Mumbai
STC1597,53,Male,Bangalore
STC1598,24,Male,Mumbai
STC1599,51,Female,Chennai
STC1600,25,Male,Delhi
STC1601,36,Male,Hyderabad
STC1602,23,Male,Bangalore
STC1603,28,Male,Chennai
STC1604,35,Female,Chennai
STC1605,46,Male,Delhi
STC1606,50,Male,Pune
STC1607,27,Male,Pune
STC1608,45,Male,Mumbai
STC1609,23,Female,Chennai
STC1610,32,Male,Bangalore
STC1611,46,Male,Bangalore
STC1612,40,Female,Mumbai
STC1613,19,Female,Chennai
STC1614,44,Female,Mumbai
STC1615,21,Female,Delhi
STC1616,43,Female,Delhi
STC1617,50,Female,Hyderabad
STC1618,41,Male,Mumbai
STC1619,33,Female,Hyderabad
STC1620,42,Female,Bangalore
STC1621,23,Male,Pune
STC1622,41,Male,Pune
STC1623,32,Male,Hyderabad
STC1624,19,Female,Mumbai
STC1625,38,Female,Mumbai
STC1626,24,Male,Pune
STC1627,39,Female,Pune
STC1628,27,Female,Hyderabad
STC1629,26,Male,Hyderabad
STC1630,20,Female,Bangalore
STC1631,36,Male,Chennai
STC1632,48,Female,Chennai
STC1633,26,Female,Pune
STC1634,48,Male,Mumbai
STC1635,46,Male,Bangalore
STC1636,18,Male,Hyderabad
STC1637,23,Female,Hyderabad
STC1638,19,Male,Chennai
STC1639,34,Female,Bangalore
STC1640,31,Female,Chennai
STC1641,27,Female,Delhi
STC1642,53,Male,Pune
STC1643,51,Female,Bangalore
STC1644,45,Male,Chennai
STC1645,25,Female,Mumbai
STC1646,36,Female,Bangalore
STC1647,33,Female,Delhi
STC1648,37,Female,Pune
STC1649,25,Male,Hyderabad
STC1650,21,Female,Hyderabad
STC1651,33,Female,Hyderabad
STC1652,44,Male,Hyderabad
STC1653,47,Female,Bangalore
STC1654,22,Female,Delhi
STC1655,25,Female,Delhi
STC1656,49,Female,Hyderabad
STC1657,52,Female,Mumbai
STC1658,19,Female,Hyderabad
STC1659,50,Male,Bangalore
STC1660,54,Male,Delhi
STC1661,33,Male,Pune
STC1662,27,Male,Hyderabad
STC1663,36,Female,Chennai
STC1664,45,Male,Hyderabad
STC1665,18,Female,Mumbai
STC1666,40,Female,Mumbai
STC1667,33,Male,Delhi
STC1668,54,Male,Bangalore
STC1669,44,Male,Hyderabad
STC1670,29,Female,Chennai
STC1671,23,Male,Pune
STC1672,51,Male,Chennai
STC1673,41,Female,Chennai
STC1674,22,Female,Chennai
STC1675,51,Male,Pune
STC1676,52,Female,Hyderabad
STC1677,50,Female,Delhi
STC1678,50,Female,Chennai
STC1679,53,Female,Chennai
STC1680,19,Male,Delhi
STC1681,42,Female,Mumbai
STC1682,48,Male,Bangalore
STC1683,20,Male,Hyderabad
STC1684,42,Male,Hyderabad
STC1685,41,Male,Mumbai
STC1686,34,Female,Hyderabad
STC1687,19,Female,Bangalore
STC1688,40,Male,Pune
STC1689,22,Female,Pune
STC1690,40,Female,Chennai
STC1691,33,Female,Bangalore
STC1692,24,Female,Pune
STC1693,55,Female,Delhi
STC1694,39,Female,Hyderabad
STC1695,26,Female,Bangalore
STC1696,20,Male,Delhi
STC1697,40,Female,Mumbai
STC1698,52,Male,Delhi
STC1699,39,Female,Mumbai
STC1700,29,Male,Mumbai
STC1701,47,Male,Delhi
STC1702,48,Female,Mumbai
STC1703,29,Female,Delhi
STC1704,26,Female,Hyderabad
STC1705,22,Female,Hyderabad
STC1706,47,Female,Mumbai
STC1707,20,Male,Hyderabad
STC1708,36,Female,Chennai
STC1709,30,Female,Chennai
STC1710,20,Female,Delhi
STC1711,30,Male,Bangalore
STC1712,20,Male,Bangalore
STC1713,38,Female,Bangalore
STC1714,37,Female,Delhi
STC1715,50,Female,Mumbai
STC1716,43,Male,Delhi
STC1717,52,Male,Mumbai
STC1718,48,Male,Mumbai
STC1719,34,Female,Chennai
STC1720,20,Male,Chennai
STC1721,30,Female,Hyderabad
STC1722,36,Female,Pune
STC1723,40,Female,Pune
STC1724,21,Female,Hyderabad
STC1725,39,Female,Mumbai
STC1726,35,Female,Mumbai
STC1727,25,Female,Hyderabad
STC1728,41,Female,Chennai
STC1729,45,Female,Bangalore
STC1730,43,Female,Bangalore
STC1731,46,Male,Delhi
STC1732,42,Male,Chennai
STC1733,39,Male,Hyderabad
STC1734,29,Male,Chennai
STC1735,49,Male,Hyderabad
STC1736,49,Female,Delhi
STC1737,41,Male,Bangalore
STC1738,51,Male,Bangalore
STC1739,35,Male,Pune
STC1740,23,Female,Pune
STC1741,45,Male,Pune
STC1742,23,Male,Mumbai
STC1743,45,Male,Chennai
STC1744,29,Female,Delhi
STC1745,52,Male,Bangalore
STC1746,36,Male,Chennai
STC1747,38,Female,Mumbai
STC1748,24,Male,Hyderabad
STC1749,23,Male,Delhi
STC1750,38,Female,Mumbai
STC1751,36,Male,Mumbai
STC1752,37,Male,Hyderabad
STC1753,46,Female,Mumbai
STC1754,45,Female,Mumbai
STC1755,28,Male,Pune
STC1756,46,Male,Chennai
STC1757,40,Female,Hyderabad
STC1758,46,Female,Hyderabad
STC1759,20,Male,Chennai
STC1760,40,Male,Hyderabad
STC1761,45,Male,Chennai
STC1762,35,Male,Chennai
STC1763,21,Male,Delhi
STC1764,22,Female,Chennai
STC1765,43,Female,Hyderabad
STC1766,41,Female,Bangalore
STC1767,50,Female,Delhi
STC1768,28,Female,Delhi
STC1769,19,Female,Bangalore
STC1770,27,Male,Chennai
STC1771,46,Male,Chennai
STC1772,20,Female,Chennai
STC1773,26,Female,Chennai
STC1774,22,Female,Hyderabad
STC1775,33,Female,Bangalore
STC1776,41,Female,Mumbai
STC1777,41,Male,Pune
STC1778,42,Male,Pune
STC1779,54,Female,Mumbai
STC1780,20,Female,Pune
STC1781,27,Female,Mumbai
STC1782,46,Female,Mumbai
STC1783,41,Female,Chennai
STC1784,41,Male,Pune
STC1785,46,Female,Mumbai
STC1786,22,Male,Pune
STC1787,54,Male,Hyderabad
STC1788,26,Male,Chennai
STC1789,51,Female,Pune
STC1790,41,Female,Chennai
STC1791,43,Female,Pune
STC1792,38,Male,Hyderabad
STC1793,35,Female,Chennai
STC1794,33,Female,Delhi
STC1795,25,Female,Pune
STC1796,19,Male,Mumbai
STC1797,29,Female,Bangalore
STC1798,49,Female,Hyderabad
STC1799,51,Male,Pune
STC1800,42,Male,Hyderabad
STC1801,53,Female,Hyderabad
STC1802,25,Male,Mumbai
STC1803,34,Female,Mumbai
STC1804,34,Female,Pune
STC1805,46,Female,Pune
STC1806,31,Male,Chennai
STC1807,36,Male,Chennai
STC1808,49,Female,Hyderabad
STC1809,30,Female,Hyderabad
STC1810,25,Male,Hyderabad
STC1811,26,Female,Mumbai
STC1812,22,Male,Hyderabad
STC1813,46,Female,Delhi
STC1814,29,Male,Pune
STC1815,46,Female,Pune
STC1816,23,Female,Bangalore
STC1817,38,Female,Delhi
STC1818,40,Female,Hyderabad
STC1819,22,Male,Mumbai
STC1820,53,Male,Bangalore
STC1821,52,Male,Mumbai
STC1822,36,Male,Mumbai
STC1823,37,Female,Chennai
STC1824,28,Male,Chennai
STC1825,29,Female,Hyderabad
STC1826,41,Female,Hyderabad
STC1827,50,Female,Hyderabad
STC1828,32,Female,Chennai
STC1829,25,Male,Delhi
STC1830,30,Female,Delhi
STC1831,26,Male,Chennai
STC1832,33,Male,Delhi
STC1833,49,Male,Bangalore
STC1834,19,Male,Mumbai
STC1835,41,Male,Hyderabad
STC1836,53,Male,Hyderabad
STC1837,54,Female,Hyderabad
STC1838,41,Female,Delhi
STC1839,47,Male,Delhi
STC1840,53,Female,Chennai
STC1841,26,Male,Delhi
STC1842,23,Male,Chennai
STC1843,22,Male,Hyderabad
STC1844,37,Male,Pune
STC1845,43,Male,Chennai
STC1846,48,Female,Mumbai
STC1847,51,Male,Delhi
STC1848,44,Female,Mumbai
STC1849,44,Female,Hyderabad
STC1850,54,Female,Delhi
STC1851,22,Female,Bangalore
STC1852,26,Female,Delhi
STC1853,38,Female,Mumbai
STC1854,22,Male,Bangalore
STC1855,46,Female,Chennai
STC1856,47,Male,Hyderabad
STC1857,51,Male,Hyderabad
STC1858,40,Male,Mumbai
STC1859,26,Female,Hyderabad
STC1860,53,Female,Delhi
STC1861,55,Male,Chennai
STC1862,29,Female,Bangalore
STC1863,26,Male,Hyderabad
STC1864,45,Male,Chennai
STC1865,50,Female,Hyderabad
STC1866,21,Female,Mumbai
STC1867,25,Male,Pune
STC1868,51,Male,Bangalore
STC1869,27,Male,Chennai
STC1870,37,Female,Pune
STC1871,28,Female,Hyderabad
STC1872,28,Male,Bangalore
STC1873,38,Male,Hyderabad
STC1874,32,Male,Pune
STC1875,40,Female,Delhi
STC1876,51,Male,Pune
STC1877,36,Male,Delhi
STC1878,23,Female,Chennai
STC1879,34,Female,Bangalore
STC1880,30,Female,Delhi
STC1881,53,Female,Chennai
STC1882,35,Male,Chennai
STC1883,26,Male,Hyderabad
STC1884,37,Male,Pune
STC1885,52,Female,Bangalore
STC1886,23,Female,Chennai
STC1887,50,Female,Chennai
STC1888,28,Male,Hyderabad
STC1889,55,Female,Hyderabad
STC1890,55,Male,Chennai
STC1891,27,Male,Chennai
STC1892,28,Male,Chennai
STC1893,39,Male,Bangalore
STC1894,54,Female,Hyderabad
STC1895,20,Female,Pune
STC1896,19,Male,Delhi
STC1897,23,Male,Pune
STC1898,20,Female,Bangalore
STC1899,54,Male,Chennai
STC1900,34,Female,Chennai
STC1901,31,Male,Mumbai
STC1902,54,Male,Chennai
STC1903,44,Male,Hyderabad
STC1904,19,Female,Pune
STC1905,49,Male,Pune
STC1906,52,Female,Pune
STC1907,36,Male,Pune
STC1908,37,Male,Delhi
STC1909,48,Male,Hyderabad
STC1910,33,Female,Mumbai
STC1911,43,Male,Hyderabad
STC1912,37,Female,Hyderabad
STC1913,47,Male,Bangalore
STC1914,22,Male,Pune
STC1915,21,Female,Pune
STC1916,28,Male,Delhi
STC1917,46,Male,Mumbai
STC1918,44,Male,Mumbai
STC1919,48,Female,Bangalore
STC1920,47,Male,Bangalore
STC1921,31,Female,Bangalore
STC1922,39,Female,Chennai
STC1923,27,Female,Pune
STC1924,38,Male,Pune
STC1925,38,Male,Delhi
STC1926,40,Female,Mumbai
STC1927,43,Female,Mumbai
STC1928,26,Male,Bangalore
STC1929,41,Female,Hyderabad
STC1930,50,Male,Mumbai
STC1931,53,Female,Delhi
STC1932,24,Female,Pune
STC1933,38,Female,Mumbai
STC1934,33,Female,Delhi
STC1935,47,Male,Pune
STC1936,25,Male,Hyderabad
STC1937,35,Female,Bangalore
STC1938,46,Female,Bangalore
STC1939,33,Female,Bangalore
STC1940,27,Female,Mumbai
STC1941,24,Male,Delhi
STC1942,21,Male,Bangalore
STC1943,36,Male,Pune
STC1944,42,Female,Chennai
STC1945,44,Female,Delhi
STC1946,33,Female,Delhi
STC1947,28,Female,Chennai
STC1948,38,Female,Mumbai
STC1949,54,Male,Chennai
STC1950,38,Female,Mumbai
STC1951,30,Male,Hyderabad
STC1952,28,Male,Hyderabad
STC1953,49,Female,Mumbai
STC1954,50,Male,Mumbai
STC1955,47,Female,Delhi
STC1956,49,Male,Delhi
STC1957,37,Female,Mumbai
STC1958,49,Male,Delhi
STC1959,19,Female,Mumbai
STC1960,23,Male,Delhi
STC1961,43,Female,Mumbai
STC1962,50,Female,Pune
STC1963,47,Female,Chennai
STC1964,33,Female,Mumbai
STC1965,31,Male,Pune
STC1966,55,Male,Bangalore
STC1967,40,Male,Pune
STC1968,21,Male,Chennai
STC1969,21,Male,Bangalore
STC1970,36,Male,Chennai
STC1971,49,Male,Hyderabad
STC1972,48,Male,Delhi
STC1973,36,Male,Hyderabad
STC1974,52,Female,Chennai
STC1975,18,Male,Mumbai
STC1976,24,Male,Pune
STC1977,45,Male,Chennai
STC1978,26,Female,Bangalore
STC1979,34,Female,Bangalore
STC1980,41,Female,Pune
STC1981,43,Male,Mumbai
STC1982,41,Female,Pune
STC1983,20,Male,Hyderabad
STC1984,43,Male,Hyderabad
STC1985,21,Male,Mumbai
STC1986,54,Male,Pune
STC1987,53,Female,Hyderabad
STC1988,30,Male,Bangalore
STC1989,41,Female,Bangalore
STC1990,53,Male,Delhi
STC1991,36,Female,Pune
STC1992,22,Female,Mumbai
STC1993,42,Female,Bangalore
STC1994,50,Male,Bangalore
STC1995,46,Female,Chennai
STC1996,53,Male,Hyderabad
STC1997,35,Male,Bangalore
STC1998,25,Female,Chennai
STC1999,26,Male,Chennai
STC2000,24,Male,Pune
STC2001,43,Male,Pune
STC2002,41,Male,Delhi
STC2003,39,Male,Hyderabad
STC2004,53,Female,Pune
STC2005,41,Male,Pune
STC2006,27,Male,Hyderabad
STC2007,30,Male,Hyderabad
STC2008,50,Male,Hyderabad
STC2009,43,Female,Hyderabad
STC2010,50,Male,Delhi
STC2011,20,Female,Chennai
STC2012,20,Female,Bangalore
STC2013,20,Female,Mumbai
STC2014,26,Male,Hyderabad
STC2015,39,Male,Pune
STC2016,48,Male,Mumbai
STC2017,51,Female,Chennai
STC2018,47,Female,Delhi
STC2019,27,Male,Mumbai
STC2020,50,Female,Mumbai
STC2021,26,Female,Bangalore
STC2022,38,Female,Bangalore
STC2023,38,Female,Hyderabad
STC2024,28,Female,Pune
STC2025,43,Female,Hyderabad
STC2026,37,Female,Mumbai
STC2027,55,Female,Hyderabad
STC2028,39,Male,Mumbai
STC2029,50,Male,Chennai
STC2030,50,Female,Chennai
STC2031,52,Female,Pune
STC2032,49,Female,Delhi
STC2033,54,Female,Mumbai
STC2034,37,Female,Chennai
STC2035,48,Female,Chennai
STC2036,19,Male,Chennai
STC2037,41,Male,Delhi
STC2038,39,Female,Bangalore
STC2039,25,Male,Hyderabad
STC2040,44,Male,Hyderabad
STC2041,55,Female,Chennai
STC2042,37,Male,Chennai
STC2043,19,Female,Delhi
STC2044,48,Male,Bangalore
STC2045,34,Male,Chennai
STC2046,55,Female,Chennai
STC2047,54,Male,Bangalore
STC2048,32,Female,Bangalore
STC2049,21,Male,Mumbai
STC2050,55,Male,Bangalore
STC2051,48,Male,Delhi
STC2052,28,Female,Delhi
STC2053,51,Female,Pune
STC2054,42,Male,Chennai
STC2055,27,Male,Hyderabad
STC2056,33,Female,Hyderabad
STC2057,20,Female,Chennai
STC2058,54,Male,Pune
STC2059,25,Male,Delhi
STC2060,30,Female,Delhi
STC2061,19,Female,Delhi
STC2062,46,Male,Chennai
STC2063,38,Female,Hyderabad
STC2064,44,Male,Chennai
STC2065,27,Male,Bangalore
STC2066,44,Female,Chennai
STC2067,31,Female,Hyderabad
STC2068,44,Male,Pune
STC2069,50,Female,Bangalore
STC2070,48,Male,Mumbai
STC2071,21,Female,Mumbai
STC2072,26,Male,Delhi
STC2073,51,Female,Bangalore
STC2074,31,Male,Hyderabad
STC2075,53,Male,Chennai
STC2076,38,Female,Chennai
STC2077,48,Female,Chennai
STC2078,51,Female,Pune
STC2079,42,Female,Delhi
STC2080,38,Male,Delhi
STC2081,29,Male,Bangalore
STC2082,47,Male,Pune
STC2083,52,Female,Mumbai
STC2084,39,Male,Delhi
STC2085,52,Female,Delhi
STC2086,40,Male,Bangalore
STC2087,34,Female,Delhi
STC2088,48,Male,Bangalore
STC2089,30,Female,Chennai
STC2090,33,Male,Pune
STC2091,35,Male,Mumbai
STC2092,53,Male,Mumbai
STC2093,37,Female,Delhi
STC2094,32,Female,Delhi
STC2095,37,Male,Bangalore
STC2096,36,Male,Pune
STC2097,31,Female,Bangalore
STC2098,49,Female,Chennai
STC2099,38,Female,Hyderabad
STC2100,48,Male,Delhi
STC2101,40,Male,Mumbai
STC2102,53,Female,Chennai
STC2103,35,Male,Mumbai
STC2104,36,Female,Bangalore
STC2105,25,Male,Bangalore
STC2106,54,Female,Chennai
STC2107,52,Female,Delhi
STC2108,42,Male,Bangalore
STC2109,43,Female,Mumbai
STC2110,40,Female,Mumbai
STC2111,27,Male,Chennai
STC2112,36,Male,Mumbai
STC2113,20,Female,Hyderabad
STC2114,36,Male,Bangalore
STC2115,23,Female,Delhi
STC2116,40,Female,Chennai
STC2117,46,Male,Mumbai
STC2118,34,Male,Hyderabad
STC2119,48,Male,Bangalore
STC2120,31,Male,Pune
STC2121,30,Female,Chennai
STC2122,52,Female,Delhi
STC2123,35,Female,Delhi
STC2124,53,Male,Chennai
STC2125,35,Male,Chennai
STC2126,26,Female,Chennai
STC2127,24,Female,Delhi
STC2128,55,Female,Delhi
STC2129,33,Female,Pune
STC2130,33,Male,Bangalore
STC2131,21,Female,Bangalore
STC2132,51,Female,Bangalore
STC2133,32,Male,Chennai
STC2134,32,Female,Chennai
STC2135,21,Male,Delhi
STC2136,24,Female,Chennai
STC2137,44,Female,Pune
STC2138,39,Male,Chennai
STC2139,48,Female,Hyderabad
STC2140,24,Male,Delhi
STC2141,26,Male,Chennai
STC2142,18,Male,Pune
STC2143,53,Female,Mumbai
STC2144,28,Male,Bangalore
STC2145,44,Male,Delhi
STC2146,48,Male,Delhi
STC2147,48,Male,Pune
STC2148,30,Male,Bangalore
STC2149,36,Male,Hyderabad
STC2150,38,Female,Mumbai
STC2151,36,Male,Pune
STC2152,21,Female,Chennai
STC2153,23,Male,Hyderabad
STC2154,54,Female,Hyderabad
STC2155,32,Female,Mumbai
STC2156,52,Female,Mumbai
STC2157,20,Male,Mumbai
STC2158,29,Female,Hyderabad
STC2159,44,Male,Pune
STC2160,29,Male,Hyderabad
STC2161,20,Male,Pune
STC2162,43,Female,Hyderabad
STC2163,49,Female,Mumbai
STC2164,29,Male,Bangalore
STC2165,36,Male,Chennai
STC2166,20,Female,Delhi
STC2167,18,Male,Hyderabad
STC2168,37,Female,Delhi
STC2169,54,Male,Delhi
STC2170,24,Male,Delhi
STC2171,39,Female,Hyderabad
STC2172,36,Male,Bangalore
STC2173,47,Female,Delhi
STC2174,52,Male,Hyderabad
STC2175,51,Female,Chennai
STC2176,49,Male,Hyderabad
STC2177,26,Male,Hyderabad
STC2178,50,Female,Chennai
STC2179,47,Female,Hyderabad
STC2180,35,Female,Chennai
STC2181,30,Male,Hyderabad
STC2182,25,Male,Pune
STC2183,39,Female,Pune
STC2184,28,Female,Delhi
STC2185,47,Male,Pune
STC2186,34,Female,Hyderabad
STC2187,29,Male,Chennai
STC2188,18,Female,Hyderabad
STC2189,39,Female,Pune
STC2190,36,Male,Chennai
STC2191,54,Male,Delhi
STC2192,30,Male,Delhi
STC2193,29,Female,Mumbai
STC2194,43,Male,Chennai
STC2195,45,Male,Pune
STC2196,50,Male,Hyderabad
STC2197,38,Female,Hyderabad
STC2198,23,Female,Mumbai
STC2199,43,Female,Chennai
STC2200,24,Female,Pune
STC2201,29,Male,Delhi
STC2202,26,Male,Bangalore
STC2203,48,Female,Mumbai
STC2204,38,Female,Delhi
STC2205,33,Female,Hyderabad
STC2206,18,Female,Mumbai
STC2207,34,Male,Mumbai
STC2208,42,Female,Bangalore
STC2209,33,Male,Delhi
STC2210,46,Female,Bangalore
STC2211,35,Female,Mumbai
STC2212,39,Male,Delhi
STC2213,37,Female,Pune
STC2214,55,Male,Mumbai
STC2215,54,Male,Bangalore
STC2216,18,Female,Bangalore
STC2217,34,Female,Bangalore
STC2218,41,Male,Bangalore
STC2219,33,Male,Bangalore
STC2220,21,Female,Hyderabad
STC2221,25,Male,Mumbai
STC2222,47,Female,Pune
STC2223,37,Male,Pune
STC2224,28,Male,Delhi
STC2225,43,Female,Hyderabad
STC2226,50,Female,Mumbai
STC2227,37,Female,Bangalore
STC2228,25,Female,Bangalore
STC2229,36,Male,Pune
STC2230,41,Male,Pune
STC2231,32,Male,Chennai
STC2232,32,Male,Hyderabad
STC2233,26,Male,Mumbai
STC2234,48,Female,Mumbai
STC2235,27,Male,Delhi
STC2236,47,Female,Bangalore
STC2237,41,Male,Mumbai
STC2238,44,Male,Mumbai
STC2239,53,Female,Hyderabad
STC2240,48,Male,Hyderabad
STC2241,52,Male,Delhi
STC2242,31,Male,Bangalore
STC2243,33,Female,Delhi
STC2244,23,Male,Hyderabad
STC2245,51,Male,Bangalore
STC2246,46,Female,Hyderabad
STC2247,51,Female,Hyderabad
STC2248,41,Female,Chennai
STC2249,22,Female,Delhi
STC2250,54,Female,Pune
STC2251,25,Female,Pune
STC2252,21,Male,Delhi
STC2253,53,Male,Chennai
STC2254,50,Male,Hyderabad
STC2255,30,Male,Hyderabad
STC2256,54,Male,Chennai
STC2257,52,Male,Hyderabad
STC2258,27,Female,Pune
STC2259,28,Male,Chennai
STC2260,38,Male,Bangalore
STC2261,51,Male,Mumbai
STC2262,46,Male,Delhi
STC2263,25,Female,Chennai
STC2264,31,Male,Delhi
STC2265,55,Female,Hyderabad
STC2266,49,Male,Hyderabad
STC2267,23,Female,Pune
STC2268,50,Female,Hyderabad
STC2269,46,Male,Bangalore
STC2270,21,Female,Delhi
STC2271,47,Female,Mumbai
STC2272,26,Female,Chennai
STC2273,50,Male,Hyderabad
STC2274,44,Male,Chennai
STC2275,47,Male,Bangalore
STC2276,54,Male,Chennai
STC2277,21,Male,Mumbai
STC2278,53,Female,Pune
STC2279,47,Male,Chennai
STC2280,37,Female,Mumbai
STC2281,19,Female,Delhi
STC2282,43,Male,Chennai
STC2283,34,Male,Chennai
STC2284,18,Male,Bangalore
STC2285,31,Male,Delhi
STC2286,55,Male,Chennai
STC2287,22,Female,Mumbai
STC2288,20,Female,Chennai
STC2289,45,Female,Delhi
STC2290,40,Female,Mumbai
STC2291,22,Male,Pune
STC2292,52,Female,Delhi
STC2293,21,Female,Delhi
STC2294,22,Male,Delhi
STC2295,48,Female,Mumbai
STC2296,20,Female,Delhi
STC2297,36,Female,Delhi
STC2298,44,Male,Pune
STC2299,29,Male,Hyderabad
STC2300,26,Female,Delhi
STC2301,44,Female,Mumbai
STC2302,41,Male,Mumbai
STC2303,42,Male,Chennai
STC2304,46,Female,Delhi
STC2305,42,Male,Pune
STC2306,42,Female,Mumbai
STC2307,23,Male,Bangalore
STC2308,52,Male,Pune
STC2309,26,Female,Pune
STC2310,40,Female,Chennai
STC2311,25,Female,Delhi
STC2312,29,Female,Hyderabad
STC2313,52,Female,Mumbai
STC2314,43,Female,Delhi
STC2315,51,Male,Delhi
STC2316,26,Female,Bangalore
STC2317,32,Female,Hyderabad
STC2318,18,Male,Delhi
STC2319,19,Male,Mumbai
STC2320,37,Female,Hyderabad
STC2321,47,Female,Mumbai
STC2322,52,Male,Bangalore
STC2323,45,Male,Hyderabad
STC2324,52,Male,Pune
STC2325,42,Male,Hyderabad
STC2326,32,Female,Mumbai
STC2327,33,Female,Delhi
STC2328,47,Female,Bangalore
STC2329,40,Female,Hyderabad
STC2330,27,Male,Bangalore
STC2331,35,Male,Mumbai
STC2332,30,Female,Mumbai
STC2333,25,Male,Mumbai
STC2334,20,Female,Delhi
STC2335,44,Male,Pune
STC2336,19,Female,Bangalore
STC2337,33,Female,Pune
STC2338,31,Male,Pune
STC2339,22,Male,Bangalore
STC2340,24,Male,Mumbai
STC2341,20,Male,Pune
STC2342,46,Female,Bangalore
STC2343,21,Female,Hyderabad
STC2344,33,Male,Chennai
STC2345,20,Female,Pune
STC2346,43,Male,Mumbai
STC2347,46,Female,Delhi
STC2348,32,Female,Bangalore
STC2349,52,Male,Pune
STC2350,31,Male,Mumbai
STC2351,21,Female,Chennai
STC2352,26,Male,Mumbai
STC2353,50,Male,Bangalore
STC2354,36,Male,Hyderabad
STC2355,32,Male,Mumbai
STC2356,54,Male,Bangalore
STC2357,38,Female,Pune
STC2358,54,Female,Hyderabad
STC2359,38,Female,Bangalore
STC2360,33,Female,Bangalore
STC2361,37,Female,Hyderabad
STC2362,27,Male,Mumbai
STC2363,51,Male,Mumbai
STC2364,32,Male,Pune
STC2365,44,Male,Pune
STC2366,37,Male,Delhi
STC2367,35,Female,Delhi
STC2368,21,Male,Pune
STC2369,53,Female,Hyderabad
STC2370,55,Female,Delhi
STC2371,29,Female,Delhi
STC2372,45,Male,Hyderabad
STC2373,53,Female,Mumbai
STC2374,49,Male,Bangalore
STC2375,21,Male,Mumbai
STC2376,40,Female,Bangalore
STC2377,42,Female,Hyderabad
STC2378,51,Female,Delhi
STC2379,38,Female,Hyderabad
STC2380,44,Male,Mumbai
STC2381,44,Male,Hyderabad
STC2382,27,Male,Mumbai
STC2383,37,Female,Hyderabad
STC2384,42,Male,Chennai
STC2385,29,Male,Pune
STC2386,52,Male,Mumbai
STC2387,48,Male,Bangalore
STC2388,33,Male,Delhi
STC2389,32,Female,Delhi
STC2390,37,Male,Chennai
STC2391,27,Male,Mumbai
STC2392,47,Male,Pune
STC2393,21,Female,Delhi
STC2394,53,Female,Chennai
STC2395,44,Male,Pune
STC2396,44,Male,Bangalore
STC2397,53,Male,Delhi
STC2398,51,Female,Hyderabad
STC2399,26,Male,Hyderabad
STC2400,42,Male,Mumbai
STC2401,33,Female,Chennai
STC2402,34,Male,Delhi
STC2403,31,Female,Pune
STC2404,39,Female,Pune
STC2405,23,Male,Bangalore
STC2406,46,Male,Delhi
STC2407,41,Female,Pune
STC2408,23,Female,Pune
STC2409,52,Female,Delhi
STC2410,30,Female,Hyderabad
STC2411,21,Male,Delhi
STC2412,35,Female,Hyderabad
STC2413,42,Male,Mumbai
STC2414,20,Female,Mumbai
STC2415,22,Female,Hyderabad
STC2416,30,Male,Delhi
STC2417,55,Male,Bangalore
STC2418,53,Female,Chennai
STC2419,31,Female,Pune
STC2420,48,Female,Mumbai
STC2421,31,Male,Mumbai
STC2422,39,Male,Hyderabad
STC2423,37,Male,Bangalore
STC2424,18,Male,Delhi
STC2425,31,Male,Bangalore
STC2426,30,Female,Chennai
STC2427,25,Female,Hyderabad
STC2428,48,Female,Bangalore
STC2429,33,Female,Chennai
STC2430,31,Female,Pune
STC2431,43,Female,Delhi
STC2432,33,Male,Delhi
STC2433,53,Female,Bangalore
STC2434,38,Female,Mumbai
STC2435,36,Female,Pune
STC2436,42,Male,Chennai
STC2437,47,Male,Delhi
STC2438,52,Female,Delhi
STC2439,40,Male,Mumbai
STC2440,37,Male,Bangalore
STC2441,34,Male,Mumbai
STC2442,41,Male,Hyderabad
STC2443,50,Female,Chennai
STC2444,49,Male,Mumbai
STC2445,47,Male,Pune
STC2446,24,Female,Chennai
STC2447,48,Female,Delhi
STC2448,38,Male,Bangalore
STC2449,31,Female,Hyderabad
STC2450,41,Female,Pune
STC2451,38,Male,Delhi
STC2452,44,Male,Delhi
STC2453,20,Male,Bangalore
STC2454,54,Female,Chennai
STC2455,32,Female,Bangalore
STC2456,27,Male,Chennai
STC2457,19,Female,Bangalore
STC2458,34,Female,Chennai
STC2459,53,Female,Hyderabad
STC2460,55,Male,Bangalore
STC2461,55,Male,Pune
STC2462,44,Female,Chennai
STC2463,36,Female,Bangalore
STC2464,27,Female,Bangalore
STC2465,30,Male,Pune
STC2466,39,Male,Hyderabad
STC2467,32,Male,Delhi
STC2468,42,Female,Bangalore
STC2469,54,Female,Mumbai
STC2470,33,Female,Chennai
STC2471,49,Female,Pune
STC2472,53,Male,Chennai
STC2473,39,Male,Mumbai
STC2474,34,Female,Delhi
STC2475,49,Male,Hyderabad
STC2476,49,Female,Mumbai
STC2477,47,Female,Mumbai
STC2478,28,Female,Chennai
STC2479,40,Female,Pune
STC2480,28,Male,Hyderabad
STC2481,26,Female,Delhi
STC2482,52,Female,Chennai
STC2483,49,Male,Chennai
STC2484,29,Male,Hyderabad
STC2485,52,Female,Hyderabad
STC2486,21,Female,Delhi
STC2487,51,Male,Mumbai
STC2488,20,Male,Chennai
STC2489,22,Female,Chennai
STC2490,21,Male,Mumbai
STC2491,18,Female,Delhi
STC2492,44,Female,Mumbai
STC2493,26,Male,Chennai
STC2494,32,Female,Hyderabad
STC2495,22,Male,Chennai
STC2496,27,Male,Mumbai
STC2497,18,Female,Bangalore
STC2498,31,Female,Hyderabad
STC2499,50,Male,Delhi
STC2500,47,Female,Bangalore
STC2501,41,Female,Hyderabad
STC2502,21,Male,Pune
STC2503,48,Female,Chennai
STC2504,49,Male,Mumbai
STC2505,19,Female,Mumbai
STC2506,18,Female,Hyderabad
STC2507,52,Female,Bangalore
STC2508,53,Male,Pune
STC2509,44,Female,Hyderabad
STC2510,18,Male,Mumbai
STC2511,19,Male,Pune
STC2512,51,Female,Chennai
STC2513,35,Male,Mumbai
STC2514,52,Male,Bangalore
STC2515,36,Male,Chennai
STC2516,19,Female,Chennai
STC2517,50,Male,Bangalore
STC2518,45,Female,Pune
STC2519,29,Male,Mumbai
STC2520,24,Male,Delhi
STC2521,24,Female,Chennai
STC2522,51,Female,Bangalore
STC2523,27,Female,Chennai
STC2524,33,Female,Pune
STC2525,30,Male,Pune
STC2526,51,Male,Hyderabad
STC2527,34,Male,Bangalore
STC2528,40,Male,Mumbai
STC2529,35,Male,Bangalore
STC2530,43,Female,Hyderabad
STC2531,23,Female,Chennai
STC2532,41,Male,Chennai
STC2533,43,Male,Delhi
STC2534,47,Female,Pune
STC2535,54,Male,Mumbai
STC2536,33,Male,Pune
STC2537,32,Female,Chennai
STC2538,37,Female,Hyderabad
STC2539,23,Male,Mumbai
STC2540,20,Male,Bangalore
STC2541,23,Female,Delhi
STC2542,43,Male,Delhi
STC2543,42,Female,Hyderabad
STC2544,42,Male,Pune
STC2545,53,Female,Delhi
STC2546,48,Male,Pune
STC2547,21,Male,Chennai
STC2548,18,Female,Chennai
STC2549,28,Female,Delhi
STC2550,23,Female,Chennai
STC2551,49,Female,Chennai
STC2552,45,Male,Delhi
STC2553,39,Female,Delhi
STC2554,54,Male,Pune
STC2555,24,Male,Mumbai
STC2556,51,Female,Delhi
STC2557,20,Male,Pune
STC2558,32,Male,Chennai
STC2559,31,Male,Mumbai
STC2560,54,Male,Pune
STC2561,48,Female,Bangalore
STC2562,35,Female,Delhi
STC2563,20,Female,Pune
STC2564,22,Male,Delhi
STC2565,35,Female,Chennai
STC2566,52,Male,Bangalore
STC2567,54,Male,Pune
STC2568,20,Male,Chennai
STC2569,29,Female,Mumbai
STC2570,38,Female,Chennai
STC2571,19,Female,Chennai
STC2572,31,Male,Delhi
STC2573,55,Male,Delhi
STC2574,27,Male,Bangalore
STC2575,43,Female,Chennai
STC2576,22,Male,Delhi
STC2577,37,Male,Hyderabad
STC2578,28,Female,Mumbai
STC2579,54,Male,Hyderabad
STC2580,33,Male,Chennai
STC2581,54,Female,Chennai
STC2582,42,Female,Chennai
STC2583,52,Male,Mumbai
STC2584,39,Female,Bangalore
STC2585,42,Female,Hyderabad
STC2586,26,Female,Hyderabad
STC2587,23,Female,Bangalore
STC2588,50,Male,Mumbai
STC2589,40,Male,Chennai
STC2590,21,Female,Delhi
STC2591,24,Male,Hyderabad
STC2592,45,Male,Hyderabad
STC2593,32,Female,Bangalore
STC2594,22,Male,Delhi
STC2595,39,Female,Mumbai
STC2596,43,Female,Chennai
STC2597,38,Female,Pune
STC2598,19,Female,Mumbai
STC2599,35,Male,Bangalore
STC2600,46,Male,Hyderabad
STC2601,49,Male,Delhi
STC2602,32,Female,Hyderabad
STC2603,40,Female,Bangalore
STC2604,53,Female,Mumbai
STC2605,42,Male,Hyderabad
STC2606,45,Female,Pune
STC2607,29,Female,Bangalore
STC2608,55,Female,Mumbai
STC2609,42,Female,Delhi
STC2610,23,Male,Mumbai
STC2611,36,Male,Chennai
STC2612,33,Female,Pune
STC2613,22,Male,Chennai
STC2614,23,Female,Hyderabad
STC2615,35,Female,Mumbai
STC2616,27,Female,Pune
STC2617,42,Male,Pune
STC2618,27,Female,Pune
STC2619,42,Female,Bangalore
STC2620,38,Male,Bangalore
STC2621,41,Male,Mumbai
STC2622,24,Female,Chennai
STC2623,23,Male,Chennai
STC2624,18,Female,Mumbai
STC2625,37,Male,Mumbai
STC2626,46,Female,Hyderabad
STC2627,41,Female,Hyderabad
STC2628,35,Female,Mumbai
STC2629,24,Female,Delhi
STC2630,26,Male,Chennai
STC2631,23,Male,Bangalore
STC2632,29,Male,Bangalore
STC2633,45,Female,Pune
STC2634,46,Female,Mumbai
STC2635,53,Male,Hyderabad
STC2636,53,Female,Pune
STC2637,50,Male,Bangalore
STC2638,44,Female,Mumbai
STC2639,24,Female,Bangalore
STC2640,19,Female,Delhi
STC2641,23,Male,Pune
STC2642,40,Male,Mumbai
STC2643,53,Male,Delhi
STC2644,23,Female,Delhi
STC2645,38,Male,Hyderabad
STC2646,42,Female,Mumbai
STC2647,18,Female,Chennai
STC2648,36,Male,Hyderabad
STC2649,44,Female,Delhi
STC2650,42,Male,Mumbai
STC2651,23,Female,Mumbai
STC2652,53,Female,Mumbai
STC2653,33,Male,Mumbai
STC2654,54,Male,Hyderabad
STC2655,51,Female,Bangalore
STC2656,28,Female,Chennai
STC2657,42,Female,Mumbai
STC2658,28,Male,Pune
STC2659,26,Male,Mumbai
STC2660,35,Male,Hyderabad
STC2661,37,Male,Mumbai
STC2662,35,Male,Bangalore
STC2663,49,Male,Delhi
STC2664,27,Male,Chennai
STC2665,22,Female,Hyderabad
STC2666,28,Female,Mumbai
STC2667,45,Female,Mumbai
STC2668,35,Female,Chennai
STC2669,44,Male,Mumbai
STC2670,37,Male,Delhi
STC2671,48,Female,Mumbai
STC2672,22,Female,Bangalore
STC2673,41,Female,Hyderabad
STC2674,34,Female,Hyderabad
STC2675,33,Female,Mumbai
STC2676,49,Male,Delhi
STC2677,30,Male,Hyderabad
STC2678,47,Female,Pune
STC2679,24,Male,Delhi
STC2680,26,Female,Chennai
STC2681,37,Male,Delhi
STC2682,18,Female,Mumbai
STC2683,43,Male,Hyderabad
STC2684,39,Male,Hyderabad
STC2685,42,Female,Hyderabad
STC2686,39,Male,Hyderabad
STC2687,46,Female,Delhi
STC2688,39,Male,Delhi
STC2689,45,Male,Mumbai
STC2690,26,Female,Bangalore
STC2691,37,Female,Chennai
STC2692,38,Female,Chennai
STC2693,30,Female,Mumbai
STC2694,48,Female,Hyderabad
STC2695,38,Female,Delhi
STC2696,29,Female,Bangalore
STC2697,43,Male,Delhi
STC2698,38,Male,Pune
STC2699,36,Female,Mumbai
STC2700,49,Male,Mumbai
STC2701,54,Male,Mumbai
STC2702,33,Female,Delhi
STC2703,38,Female,Chennai
STC2704,42,Female,Mumbai
STC2705,35,Male,Delhi
STC2706,43,Female,Pune
STC2707,41,Male,Delhi
STC2708,25,Male,Pune
STC2709,54,Male,Chennai
STC2710,30,Male,Delhi
STC2711,55,Male,Bangalore
STC2712,52,Male,Bangalore
STC2713,29,Female,Hyderabad
STC2714,53,Female,Hyderabad
STC2715,19,Male,Chennai
STC2716,47,Male,Delhi
STC2717,31,Male,Hyderabad
STC2718,46,Female,Pune
STC2719,36,Female,Pune
STC2720,22,Female,Pune
STC2721,44,Male,Mumbai
STC2722,49,Female,Mumbai
STC2723,26,Female,Pune
STC2724,37,Female,Bangalore
STC2725,33,Female,Delhi
STC2726,34,Female,Hyderabad
STC2727,27,Male,Delhi
STC2728,45,Male,Chennai
STC2729,42,Female,Bangalore
STC2730,22,Male,Bangalore
STC2731,46,Female,Delhi
STC2732,48,Male,Delhi
STC2733,55,Female,Pune
STC2734,43,Female,Pune
STC2735,52,Female,Hyderabad
STC2736,50,Male,Bangalore
STC2737,44,Male,Delhi
STC2738,52,Female,Bangalore
STC2739,20,Female,Bangalore
STC2740,41,Male,Bangalore
STC2741,52,Female,Mumbai
STC2742,23,Male,Delhi
STC2743,24,Male,Delhi
STC2744,33,Female,Chennai
STC2745,40,Female,Chennai
STC2746,28,Male,Pune
STC2747,20,Male,Mumbai
STC2748,54,Male,Pune
STC2749,43,Female,Delhi
STC2750,39,Male,Delhi
STC2751,45,Female,Mumbai
STC2752,24,Male,Hyderabad
STC2753,18,Female,Bangalore
STC2754,24,Male,Pune
STC2755,34,Female,Pune
STC2756,32,Female,Chennai
STC2757,50,Female,Pune
STC2758,51,Female,Mumbai
STC2759,53,Female,Bangalore
STC2760,55,Female,Pune
STC2761,54,Female,Chennai
STC2762,32,Female,Hyderabad
STC2763,46,Male,Chennai
STC2764,41,Male,Chennai
STC2765,43,Female,Hyderabad
STC2766,47,Female,Delhi
STC2767,55,Male,Chennai
STC2768,50,Female,Bangalore
STC2769,27,Male,Delhi
STC2770,40,Male,Delhi
STC2771,19,Female,Bangalore
STC2772,48,Male,Delhi
STC2773,24,Female,Bangalore
STC2774,36,Female,Hyderabad
STC2775,44,Male,Bangalore
STC2776,23,Male,Pune
STC2777,25,Male,Mumbai
STC2778,27,Female,Hyderabad
STC2779,40,Female,Mumbai
STC2780,37,Male,Hyderabad
STC2781,39,Female,Pune
STC2782,47,Female,Mumbai
STC2783,31,Female,Chennai
STC2784,51,Male,Pune
STC2785,48,Male,Chennai
STC2786,40,Male,Pune
STC2787,48,Male,Hyderabad
STC2788,24,Female,Delhi
STC2789,46,Female,Pune
STC2790,46,Male,Pune
STC2791,38,Female,Hyderabad
STC2792,22,Male,Chennai
STC2793,37,Female,Bangalore
STC2794,20,Male,Chennai
STC2795,25,Male,Hyderabad
STC2796,19,Female,Pune
STC2797,39,Male,Hyderabad
STC2798,24,Male,Pune
STC2799,28,Male,Mumbai
STC2800,33,Female,Bangalore
STC2801,51,Female,Mumbai
STC2802,29,Female,Mumbai
STC2803,53,Male,Bangalore
STC2804,28,Female,Mumbai
STC2805,39,Male,Delhi
STC2806,53,Male,Mumbai
STC2807,45,Female,Pune
STC2808,47,Male,Bangalore
STC2809,32,Female,Hyderabad
STC2810,43,Male,Pune
STC2811,29,Male,Chennai
STC2812,29,Male,Delhi
STC2813,45,Female,Bangalore
STC2814,43,Female,Mumbai
STC2815,19,Female,Mumbai
STC2816,30,Female,Pune
STC2817,46,Female,Pune
STC2818,55,Male,Bangalore
STC2819,45,Female,Pune
STC2820,42,Female,Pune
STC2821,18,Female,Bangalore
STC2822,31,Female,Chennai
STC2823,31,Male,Pune
STC2824,35,Female,Bangalore
STC2825,22,Male,Delhi
STC2826,54,Female,Pune
STC2827,24,Female,Pune
STC2828,52,Female,Pune
STC2829,29,Female,Mumbai
STC2830,41,Male,Pune
STC2831,38,Male,Bangalore
STC2832,30,Female,Mumbai
STC2833,47,Female,Mumbai
STC2834,25,Female,Chennai
STC2835,34,Female,Pune
STC2836,49,Female,Hyderabad
STC2837,51,Female,Chennai
STC2838,38,Male,Mumbai
STC2839,42,Female,Bangalore
STC2840,43,Female,Pune
STC2841,55,Female,Bangalore
STC2842,25,Male,Hyderabad
STC2843,40,Male,Pune
STC2844,40,Female,Bangalore
STC2845,47,Male,Bangalore
STC2846,29,Female,Chennai
STC2847,37,Male,Pune
STC2848,55,Male,Delhi
STC2849,23,Male,Delhi
STC2850,26,Male,Hyderabad
STC2851,38,Female,Chennai
STC2852,25,Male,Mumbai
STC2853,33,Male,Mumbai
STC2854,37,Female,Pune
STC2855,25,Female,Pune
STC2856,29,Male,Pune
STC2857,41,Female,Pune
STC2858,27,Female,Delhi
STC2859,50,Male,Hyderabad
STC2860,42,Male,Chennai
STC2861,44,Male,Bangalore
STC2862,26,Male,Bangalore
STC2863,54,Male,Delhi
STC2864,42,Male,Hyderabad
STC2865,45,Male,Chennai
STC2866,29,Male,Pune
STC2867,49,Male,Mumbai
STC2868,52,Male,Delhi
STC2869,29,Female,Delhi
STC2870,53,Male,Pune
STC2871,28,Male,Delhi
STC2872,49,Male,Bangalore
STC2873,36,Female,Pune
STC2874,26,Female,Bangalore
STC2875,29,Female,Pune
STC2876,38,Male,Mumbai
STC2877,46,Female,Chennai
STC2878,21,Female,Bangalore
STC2879,40,Female,Pune
STC2880,18,Female,Delhi
STC2881,49,Female,Delhi
STC2882,26,Male,Hyderabad
STC2883,30,Male,Pune
STC2884,42,Female,Chennai
STC2885,53,Male,Mumbai
STC2886,50,Female,Hyderabad
STC2887,49,Female,Chennai
STC2888,44,Female,Delhi
STC2889,49,Male,Mumbai
STC2890,44,Female,Pune
STC2891,46,Female,Delhi
STC2892,49,Male,Hyderabad
STC2893,28,Female,Chennai
STC2894,23,Male,Delhi
STC2895,54,Female,Bangalore
STC2896,19,Male,Hyderabad
STC2897,32,Female,Delhi
STC2898,36,Male,Hyderabad
STC2899,20,Female,Pune
STC2900,35,Male,Bangalore
STC2901,32,Male,Chennai
STC2902,52,Female,Bangalore
STC2903,36,Male,Delhi
STC2904,28,Male,Chennai
STC2905,47,Female,Hyderabad
STC2906,54,Female,Chennai
STC2907,49,Male,Hyderabad
STC2908,53,Male,Hyderabad
STC2909,50,Male,Bangalore
STC2910,25,Male,Delhi
STC2911,54,Female,Hyderabad
STC2912,25,Female,Chennai
STC2913,35,Male,Delhi
STC2914,52,Female,Chennai
STC2915,41,Male,Mumbai
STC2916,52,Male,Pune
STC2917,20,Male,Pune
STC2918,46,Female,Pune
STC2919,52,Female,Hyderabad
STC2920,31,Male,Pune
STC2921,45,Female,Hyderabad
STC2922,24,Female,Pune
STC2923,33,Male,Bangalore
STC2924,37,Female,Hyderabad
STC2925,20,Female,Hyderabad
STC2926,46,Female,Delhi
STC2927,34,Female,Pune
STC2928,40,Male,Bangalore
STC2929,23,Male,Bangalore
STC2930,46,Male,Delhi
STC2931,25,Female,Mumbai
STC2932,33,Female,Pune
STC2933,31,Male,Mumbai
STC2934,55,Female,Bangalore
STC2935,40,Female,Hyderabad
STC2936,45,Female,Delhi
STC2937,28,Female,Bangalore
STC2938,26,Male,Pune
STC2939,31,Male,Delhi
STC2940,31,Female,Mumbai
STC2941,21,Female,Hyderabad
STC2942,54,Male,Delhi
STC2943,40,Female,Delhi
STC2944,52,Female,Bangalore
STC2945,35,Male,Hyderabad
STC2946,52,Male,Hyderabad
STC2947,28,Male,Hyderabad
STC2948,38,Female,Hyderabad
STC2949,36,Male,Hyderabad
STC2950,36,Female,Bangalore
STC2951,54,Female,Hyderabad
STC2952,35,Male,Bangalore
STC2953,50,Female,Bangalore
STC2954,24,Female,Hyderabad
STC2955,26,Male,Mumbai
STC2956,44,Female,Pune
STC2957,21,Male,Hyderabad
STC2958,35,Male,Pune
STC2959,26,Male,Bangalore
STC2960,26,Male,Chennai
STC2961,33,Male,Mumbai
STC2962,27,Male,Bangalore
STC2963,38,Female,Mumbai
STC2964,33,Female,Bangalore
STC2965,43,Male,Delhi
STC2966,49,Female,Delhi
STC2967,27,Female,Delhi
STC2968,54,Female,Chennai
STC2969,35,Male,Mumbai
STC2970,44,Male,Bangalore
STC2971,42,Female,Pune
STC2972,46,Male,Mumbai
STC2973,22,Female,Mumbai
STC2974,23,Male,Mumbai
STC2975,43,Female,Bangalore
STC2976,50,Male,Mumbai
STC2977,35,Male,Delhi
STC2978,41,Female,Pune
STC2979,47,Male,Bangalore
STC2980,49,Male,Pune
STC2981,38,Male,Chennai
STC2982,55,Male,Bangalore
STC2983,18,Male,Bangalore
STC2984,23,Female,Bangalore
STC2985,47,Male,Chennai
STC2986,40,Female,Chennai
STC2987,22,Male,Bangalore
STC2988,52,Male,Pune
STC2989,43,Male,Chennai
STC2990,31,Male,Delhi
STC2991,45,Male,Pune
STC2992,31,Male,Chennai
STC2993,49,Female,Chennai
STC2994,35,Male,Delhi
STC2995,38,Female,Bangalore
STC2996,36,Male,Mumbai
STC2997,39,Male,Bangalore
STC2998,53,Male,Bangalore
STC2999,54,Male,Bangalore
STC3000,26,Female,Hyderabad
